"","city","type","bed","bath","garage","sqft","pool","spa","price"
"1","Long Beach","",0,1,"",513,"",NA,119000
"2","Long Beach","",0,1,"",550,"",NA,153000
"3","Long Beach","",0,1,"",550,"",NA,205000
"4","Long Beach","",0,1,"1",1030,"",NA,3e+05
"5","Long Beach","",0,1,"1",1526,"",NA,375000
"6","Long Beach","",1,1,"",552,"",NA,159900
"7","Long Beach","",1,1,"",558,"",NA,135000
"8","Long Beach","",1,1,"",596,"",NA,105000
"9","Long Beach","",1,1,"",744,"",NA,167000
"10","Long Beach","",1,1,"",750,"",NA,134900
"11","Long Beach","",1,1,"",750,"",NA,145000
"12","Long Beach","",1,1,"",791,"",NA,219900
"13","Long Beach","",1,1,"",798,"",NA,195000
"14","Long Beach","",1,1,"1",671,"",NA,120000
"15","Long Beach","",1,1,"1",796,"",NA,179900
"16","Long Beach","",1,1,"1",935,"",NA,239000
"17","Long Beach","",1,1,"1",1006,"",NA,360000
"18","Long Beach","",1,1,"1",1431,"",NA,5e+05
"19","Long Beach","",1,1,"2",926,"",NA,339000
"20","Long Beach","",1,1,"2",1209,"",NA,580000
"21","Long Beach","",1,1,"2",1620,"",NA,419900
"22","Long Beach","",1,1,"2",1924,"",NA,394900
"23","Long Beach","",1,1,"2",1970,"",NA,619000
"24","Long Beach","",1,2,"1",1310,"",NA,359900
"25","Long Beach","",1,2,"1",1450,"",NA,325000
"26","Long Beach","",1,2,"1",1450,"",NA,329900
"27","Long Beach","",1,2,"2",1077,"",NA,325000
"28","Long Beach","",2,1,"",1133,"",NA,325000
"29","Long Beach","",2,1,"",2374,"",NA,799000
"30","Long Beach","",2,1,"2",1620,"",NA,418000
"31","Long Beach","",2,1,"2",2019,"",NA,420000
"32","Long Beach","",2,2,"1",868,"",NA,240000
"33","Long Beach","",2,2,"1",1050,"",NA,318800
"34","Long Beach","",2,2,"1",1241,"",NA,299500
"35","Long Beach","",4,4,"",3636,"",NA,349900
"36","Long Beach","",6,3,"",2554,"",NA,379900
"37","Long Beach","Condo/Twh",0,1,"",462,"",NA,138900
"38","Long Beach","Condo/Twh",0,1,"",475,"",NA,120000
"39","Long Beach","Condo/Twh",0,1,"",527,"",NA,179000
"40","Long Beach","Condo/Twh",0,1,"",702,"",NA,236900
"41","Long Beach","Condo/Twh",0,1,"2",650,"",NA,217900
"42","Long Beach","Condo/Twh",1,1,"",403,"",NA,139950
"43","Long Beach","Condo/Twh",1,1,"",426,"",NA,135000
"44","Long Beach","Condo/Twh",1,1,"",560,"",NA,135000
"45","Long Beach","Condo/Twh",1,1,"",561,"",NA,273500
"46","Long Beach","Condo/Twh",1,1,"",590,"",NA,215000
"47","Long Beach","Condo/Twh",1,1,"",590,"",NA,259900
"48","Long Beach","Condo/Twh",1,1,"",597,"",NA,130000
"49","Long Beach","Condo/Twh",1,1,"",599,"",NA,350000
"50","Long Beach","Condo/Twh",1,1,"",600,"",NA,183900
"51","Long Beach","Condo/Twh",1,1,"",617,"",NA,104990
"52","Long Beach","Condo/Twh",1,1,"",628,"",NA,119000
"53","Long Beach","Condo/Twh",1,1,"",628,"",NA,285000
"54","Long Beach","Condo/Twh",1,1,"",631,"",NA,215000
"55","Long Beach","Condo/Twh",1,1,"",633,"",NA,175000
"56","Long Beach","Condo/Twh",1,1,"",635,"",NA,243000
"57","Long Beach","Condo/Twh",1,1,"",664,"",NA,109000
"58","Long Beach","Condo/Twh",1,1,"",667,"",NA,199900
"59","Long Beach","Condo/Twh",1,1,"",667,"",NA,350000
"60","Long Beach","Condo/Twh",1,1,"",670,"",NA,155900
"61","Long Beach","Condo/Twh",1,1,"",680,"",NA,239000
"62","Long Beach","Condo/Twh",1,1,"",693,"",NA,220000
"63","Long Beach","Condo/Twh",1,1,"",693,"",NA,229900
"64","Long Beach","Condo/Twh",1,1,"",693,"",NA,245000
"65","Long Beach","Condo/Twh",1,1,"",700,"",NA,125000
"66","Long Beach","Condo/Twh",1,1,"",707,"",NA,185000
"67","Long Beach","Condo/Twh",1,1,"",710,"",NA,195000
"68","Long Beach","Condo/Twh",1,1,"",739,"",NA,179000
"69","Long Beach","Condo/Twh",1,1,"",741,"",NA,165000
"70","Long Beach","Condo/Twh",1,1,"",745,"",NA,199900
"71","Long Beach","Condo/Twh",1,1,"",745,"",NA,2e+05
"72","Long Beach","Condo/Twh",1,1,"",751,"",NA,221000
"73","Long Beach","Condo/Twh",1,1,"",752,"",NA,225900
"74","Long Beach","Condo/Twh",1,1,"",772,"",NA,169000
"75","Long Beach","Condo/Twh",1,1,"",779,"",NA,124900
"76","Long Beach","Condo/Twh",1,1,"",787,"",NA,167000
"77","Long Beach","Condo/Twh",1,1,"",792,"",NA,109000
"78","Long Beach","Condo/Twh",1,1,"",811,"",NA,145000
"79","Long Beach","Condo/Twh",1,1,"",839,"",NA,335000
"80","Long Beach","Condo/Twh",1,1,"",864,"",NA,249000
"81","Long Beach","Condo/Twh",1,1,"",981,"",NA,216000
"82","Long Beach","Condo/Twh",1,1,"",1069,"",NA,330000
"83","Long Beach","Condo/Twh",1,1,"1",530,"",NA,175000
"84","Long Beach","Condo/Twh",1,1,"1",540,"",NA,165000
"85","Long Beach","Condo/Twh",1,1,"1",590,"",NA,236900
"86","Long Beach","Condo/Twh",1,1,"1",592,"",NA,175000
"87","Long Beach","Condo/Twh",1,1,"1",597,"",NA,130000
"88","Long Beach","Condo/Twh",1,1,"1",597,"",NA,140000
"89","Long Beach","Condo/Twh",1,1,"1",597,"",NA,149900
"90","Long Beach","Condo/Twh",1,1,"1",597,"",NA,150000
"91","Long Beach","Condo/Twh",1,1,"1",600,"",NA,244900
"92","Long Beach","Condo/Twh",1,1,"1",600,"",NA,279900
"93","Long Beach","Condo/Twh",1,1,"1",600,"",NA,285000
"94","Long Beach","Condo/Twh",1,1,"1",600,"",NA,325000
"95","Long Beach","Condo/Twh",1,1,"1",607,"",NA,150000
"96","Long Beach","Condo/Twh",1,1,"1",613,"",NA,119000
"97","Long Beach","Condo/Twh",1,1,"1",632,"",NA,129000
"98","Long Beach","Condo/Twh",1,1,"1",660,"",NA,110000
"99","Long Beach","Condo/Twh",1,1,"1",660,"",NA,112900
"100","Long Beach","Condo/Twh",1,1,"1",661,"",NA,150000
"101","Long Beach","Condo/Twh",1,1,"1",672,"",NA,379995
"102","Long Beach","Condo/Twh",1,1,"1",680,"",NA,204900
"103","Long Beach","Condo/Twh",1,1,"1",680,"",NA,235000
"104","Long Beach","Condo/Twh",1,1,"1",680,"",NA,239000
"105","Long Beach","Condo/Twh",1,1,"1",680,"",NA,249000
"106","Long Beach","Condo/Twh",1,1,"1",680,"",NA,249900
"107","Long Beach","Condo/Twh",1,1,"1",680,"",NA,250000
"108","Long Beach","Condo/Twh",1,1,"1",681,"",NA,320000
"109","Long Beach","Condo/Twh",1,1,"1",683,"",NA,119000
"110","Long Beach","Condo/Twh",1,1,"1",686,"",NA,119500
"111","Long Beach","Condo/Twh",1,1,"1",686,"",NA,189000
"112","Long Beach","Condo/Twh",1,1,"1",687,"",NA,125000
"113","Long Beach","Condo/Twh",1,1,"1",693,"",NA,230000
"114","Long Beach","Condo/Twh",1,1,"1",693,"",NA,245000
"115","Long Beach","Condo/Twh",1,1,"1",698,"",NA,175000
"116","Long Beach","Condo/Twh",1,1,"1",703,"",NA,374000
"117","Long Beach","Condo/Twh",1,1,"1",707,"",NA,130000
"118","Long Beach","Condo/Twh",1,1,"1",719,"",NA,359000
"119","Long Beach","Condo/Twh",1,1,"1",732,"",NA,248900
"120","Long Beach","Condo/Twh",1,1,"1",739,"",NA,249500
"121","Long Beach","Condo/Twh",1,1,"1",741,"",NA,319990
"122","Long Beach","Condo/Twh",1,1,"1",754,"",NA,1e+05
"123","Long Beach","Condo/Twh",1,1,"1",789,"",NA,309000
"124","Long Beach","Condo/Twh",1,1,"1",792,"",NA,428900
"125","Long Beach","Condo/Twh",1,1,"1",816,"",NA,224900
"126","Long Beach","Condo/Twh",1,1,"1",825,"",NA,230000
"127","Long Beach","Condo/Twh",1,1,"1",832,"",NA,125000
"128","Long Beach","Condo/Twh",1,1,"1",833,"",NA,189000
"129","Long Beach","Condo/Twh",1,1,"1",846,"",NA,325000
"130","Long Beach","Condo/Twh",1,1,"1",873,"",NA,224000
"131","Long Beach","Condo/Twh",1,1,"1",875,"",NA,229000
"132","Long Beach","Condo/Twh",1,1,"1",890,"",NA,150000
"133","Long Beach","Condo/Twh",1,1,"1",938,"",NA,249900
"134","Long Beach","Condo/Twh",1,1,"1",1000,"",NA,345000
"135","Long Beach","Condo/Twh",1,1,"1",1020,"",NA,279900
"136","Long Beach","Condo/Twh",1,1,"1",1400,"",NA,299000
"137","Long Beach","Condo/Twh",1,1,"2",624,"",NA,109000
"138","Long Beach","Condo/Twh",1,1,"2",693,"Y",NA,240000
"139","Long Beach","Condo/Twh",1,1,"2",736,"",NA,458000
"140","Long Beach","Condo/Twh",1,1,"2",750,"",NA,480000
"141","Long Beach","Condo/Twh",1,1,"2",793,"",NA,119900
"142","Long Beach","Condo/Twh",1,1,"2",926,"",NA,269000
"143","Long Beach","Condo/Twh",1,1,"2",926,"",NA,270000
"144","Long Beach","Condo/Twh",1,1,"2",926,"",NA,324000
"145","Long Beach","Condo/Twh",1,1.5,"",1620,"",NA,399900
"146","Long Beach","Condo/Twh",1,2,"",880,"",NA,279000
"147","Long Beach","Condo/Twh",1,2,"",950,"",NA,240000
"148","Long Beach","Condo/Twh",1,2,"",952,"",NA,250000
"149","Long Beach","Condo/Twh",1,2,"",1017,"",NA,279000
"150","Long Beach","Condo/Twh",1,2,"",1047,"",NA,309900
"151","Long Beach","Condo/Twh",1,2,"1",584,"",NA,110000
"152","Long Beach","Condo/Twh",1,2,"1",731,"",NA,222000
"153","Long Beach","Condo/Twh",1,2,"1",791,"",NA,275000
"154","Long Beach","Condo/Twh",1,2,"1",853,"",NA,139000
"155","Long Beach","Condo/Twh",1,2,"1",880,"",NA,299900
"156","Long Beach","Condo/Twh",1,2,"2",880,"",NA,309000
"157","Long Beach","Condo/Twh",1,2,"2",1044,"",NA,184900
"158","Long Beach","Condo/Twh",1,3,"",1570,"",NA,325000
"159","Long Beach","Condo/Twh",2,1,"",760,"",NA,199900
"160","Long Beach","Condo/Twh",2,1,"",769,"",NA,199000
"161","Long Beach","Condo/Twh",2,1,"",779,"",NA,250000
"162","Long Beach","Condo/Twh",2,1,"",849,"",NA,185000
"163","Long Beach","Condo/Twh",2,1,"",860,"",NA,159000
"164","Long Beach","Condo/Twh",2,1,"1",779,"",NA,109000
"165","Long Beach","Condo/Twh",2,1,"1",800,"",NA,119000
"166","Long Beach","Condo/Twh",2,1,"1",806,"",NA,179000
"167","Long Beach","Condo/Twh",2,1,"1",830,"",NA,174900
"168","Long Beach","Condo/Twh",2,1,"1",840,"",NA,350000
"169","Long Beach","Condo/Twh",2,1,"1",879,"",NA,205000
"170","Long Beach","Condo/Twh",2,1,"1",892,"",NA,150000
"171","Long Beach","Condo/Twh",2,1,"1",906,"",NA,195000
"172","Long Beach","Condo/Twh",2,1,"1",910,"",NA,297000
"173","Long Beach","Condo/Twh",2,1,"1",941,"",NA,285000
"174","Long Beach","Condo/Twh",2,1,"2",859,"",NA,199000
"175","Long Beach","Condo/Twh",2,1,"2",860,"",NA,225000
"176","Long Beach","Condo/Twh",2,1,"2",957,"",NA,348000
"177","Long Beach","Condo/Twh",2,1,"2",1291,"",NA,399000
"178","Long Beach","Condo/Twh",2,2,"",680,"",NA,106000
"179","Long Beach","Condo/Twh",2,2,"",680,"",NA,129900
"180","Long Beach","Condo/Twh",2,2,"",690,"",NA,120000
"181","Long Beach","Condo/Twh",2,2,"",720,"",NA,137900
"182","Long Beach","Condo/Twh",2,2,"",777,"",NA,134900
"183","Long Beach","Condo/Twh",2,2,"",780,"",NA,149900
"184","Long Beach","Condo/Twh",2,2,"",786,"",NA,174900
"185","Long Beach","Condo/Twh",2,2,"",830,"",NA,144900
"186","Long Beach","Condo/Twh",2,2,"",838,"",NA,225000
"187","Long Beach","Condo/Twh",2,2,"",840,"",NA,161000
"188","Long Beach","Condo/Twh",2,2,"",840,"",NA,169000
"189","Long Beach","Condo/Twh",2,2,"",850,"",NA,139900
"190","Long Beach","Condo/Twh",2,2,"",865,"",NA,350000
"191","Long Beach","Condo/Twh",2,2,"",877,"",NA,125000
"192","Long Beach","Condo/Twh",2,2,"",892,"",NA,179000
"193","Long Beach","Condo/Twh",2,2,"",903,"",NA,169900
"194","Long Beach","Condo/Twh",2,2,"",920,"",NA,129000
"195","Long Beach","Condo/Twh",2,2,"",920,"",NA,135000
"196","Long Beach","Condo/Twh",2,2,"",940,"",NA,159000
"197","Long Beach","Condo/Twh",2,2,"",960,"",NA,129000
"198","Long Beach","Condo/Twh",2,2,"",990,"",NA,169000
"199","Long Beach","Condo/Twh",2,2,"",1020,"",NA,160000
"200","Long Beach","Condo/Twh",2,2,"",1047,"",NA,334900
"201","Long Beach","Condo/Twh",2,2,"",1080,"",NA,329000
"202","Long Beach","Condo/Twh",2,2,"",1080,"",NA,729000
"203","Long Beach","Condo/Twh",2,2,"",1146,"",NA,175000
"204","Long Beach","Condo/Twh",2,2,"",1171,"",NA,249900
"205","Long Beach","Condo/Twh",2,2,"",1184,"",NA,279900
"206","Long Beach","Condo/Twh",2,2,"",1198,"",NA,223100
"207","Long Beach","Condo/Twh",2,2,"",1251,"",NA,231900
"208","Long Beach","Condo/Twh",2,2,"",1253,"",NA,315000
"209","Long Beach","Condo/Twh",2,2,"",1264,"",NA,1150000
"210","Long Beach","Condo/Twh",2,2,"",1340,"",NA,5e+05
"211","Long Beach","Condo/Twh",2,2,"",1590,"",NA,699000
"212","Long Beach","Condo/Twh",2,2,"1",750,"",NA,219900
"213","Long Beach","Condo/Twh",2,2,"1",751,"",NA,145000
"214","Long Beach","Condo/Twh",2,2,"1",751,"",NA,147900
"215","Long Beach","Condo/Twh",2,2,"1",782,"",NA,130000
"216","Long Beach","Condo/Twh",2,2,"1",794,"",NA,275000
"217","Long Beach","Condo/Twh",2,2,"1",800,"",NA,175000
"218","Long Beach","Condo/Twh",2,2,"1",827,"",NA,119900
"219","Long Beach","Condo/Twh",2,2,"1",830,"",NA,239000
"220","Long Beach","Condo/Twh",2,2,"1",842,"",NA,120000
"221","Long Beach","Condo/Twh",2,2,"1",856,"",NA,210000
"222","Long Beach","Condo/Twh",2,2,"1",880,"",NA,139000
"223","Long Beach","Condo/Twh",2,2,"1",898,"",NA,154900
"224","Long Beach","Condo/Twh",2,2,"1",909,"",NA,109000
"225","Long Beach","Condo/Twh",2,2,"1",909,"",NA,289000
"226","Long Beach","Condo/Twh",2,2,"1",913,"",NA,220000
"227","Long Beach","Condo/Twh",2,2,"1",920,"",NA,219182
"228","Long Beach","Condo/Twh",2,2,"1",923,"",NA,194900
"229","Long Beach","Condo/Twh",2,2,"1",937,"",NA,169000
"230","Long Beach","Condo/Twh",2,2,"1",942,"",NA,110000
"231","Long Beach","Condo/Twh",2,2,"1",954,"",NA,250000
"232","Long Beach","Condo/Twh",2,2,"1",954,"",NA,349000
"233","Long Beach","Condo/Twh",2,2,"1",956,"",NA,182000
"234","Long Beach","Condo/Twh",2,2,"1",960,"",NA,399900
"235","Long Beach","Condo/Twh",2,2,"1",961,"",NA,379990
"236","Long Beach","Condo/Twh",2,2,"1",982,"",NA,175000
"237","Long Beach","Condo/Twh",2,2,"1",990,"",NA,359000
"238","Long Beach","Condo/Twh",2,2,"1",1010,"",NA,159900
"239","Long Beach","Condo/Twh",2,2,"1",1014,"",NA,155000
"240","Long Beach","Condo/Twh",2,2,"1",1016,"",NA,185000
"241","Long Beach","Condo/Twh",2,2,"1",1018,"",NA,395000
"242","Long Beach","Condo/Twh",2,2,"1",1035,"",NA,529900
"243","Long Beach","Condo/Twh",2,2,"1",1040,"",NA,599000
"244","Long Beach","Condo/Twh",2,2,"1",1045,"",NA,260000
"245","Long Beach","Condo/Twh",2,2,"1",1060,"",NA,549000
"246","Long Beach","Condo/Twh",2,2,"1",1074,"",NA,280000
"247","Long Beach","Condo/Twh",2,2,"1",1076,"",NA,309000
"248","Long Beach","Condo/Twh",2,2,"1",1080,"",NA,279000
"249","Long Beach","Condo/Twh",2,2,"1",1080,"",NA,648800
"250","Long Beach","Condo/Twh",2,2,"1",1081,"",NA,290000
"251","Long Beach","Condo/Twh",2,2,"1",1116,"",NA,580000
"252","Long Beach","Condo/Twh",2,2,"1",1156,"",NA,299000
"253","Long Beach","Condo/Twh",2,2,"1",1158,"",NA,435000
"254","Long Beach","Condo/Twh",2,2,"1",1178,"",NA,309900
"255","Long Beach","Condo/Twh",2,2,"1",1192,"",NA,225000
"256","Long Beach","Condo/Twh",2,2,"1",1274,"",NA,449000
"257","Long Beach","Condo/Twh",2,2,"1",1300,"",NA,895000
"258","Long Beach","Condo/Twh",2,2,"1",1325,"",NA,389700
"259","Long Beach","Condo/Twh",2,2,"1",1360,"",NA,379000
"260","Long Beach","Condo/Twh",2,2,"1",1410,"",NA,385000
"261","Long Beach","Condo/Twh",2,2,"1",1413,"",NA,769000
"262","Long Beach","Condo/Twh",2,2,"1",1510,"",NA,469000
"263","Long Beach","Condo/Twh",2,2,"1",1510,"",NA,555000
"264","Long Beach","Condo/Twh",2,2,"1",1510,"",NA,559000
"265","Long Beach","Condo/Twh",2,2,"2",680,"",NA,120000
"266","Long Beach","Condo/Twh",2,2,"2",680,"",NA,124900
"267","Long Beach","Condo/Twh",2,2,"2",680,"",NA,125000
"268","Long Beach","Condo/Twh",2,2,"2",784,"",NA,199000
"269","Long Beach","Condo/Twh",2,2,"2",820,"",NA,1e+05
"270","Long Beach","Condo/Twh",2,2,"2",820,"",NA,165000
"271","Long Beach","Condo/Twh",2,2,"2",827,"",NA,129900
"272","Long Beach","Condo/Twh",2,2,"2",834,"",NA,199000
"273","Long Beach","Condo/Twh",2,2,"2",840,"",NA,160000
"274","Long Beach","Condo/Twh",2,2,"2",840,"",NA,170000
"275","Long Beach","Condo/Twh",2,2,"2",860,"",NA,139900
"276","Long Beach","Condo/Twh",2,2,"2",860,"",NA,209900
"277","Long Beach","Condo/Twh",2,2,"2",869,"",NA,2e+05
"278","Long Beach","Condo/Twh",2,2,"2",880,"",NA,275000
"279","Long Beach","Condo/Twh",2,2,"2",888,"",NA,235128
"280","Long Beach","Condo/Twh",2,2,"2",892,"",NA,180000
"281","Long Beach","Condo/Twh",2,2,"2",898,"",NA,160000
"282","Long Beach","Condo/Twh",2,2,"2",902,"",NA,175000
"283","Long Beach","Condo/Twh",2,2,"2",904,"",NA,185000
"284","Long Beach","Condo/Twh",2,2,"2",906,"",NA,189000
"285","Long Beach","Condo/Twh",2,2,"2",910,"",NA,137900
"286","Long Beach","Condo/Twh",2,2,"2",913,"",NA,159000
"287","Long Beach","Condo/Twh",2,2,"2",913,"",NA,2e+05
"288","Long Beach","Condo/Twh",2,2,"2",920,"",NA,185000
"289","Long Beach","Condo/Twh",2,2,"2",920,"",NA,255000
"290","Long Beach","Condo/Twh",2,2,"2",930,"",NA,156800
"291","Long Beach","Condo/Twh",2,2,"2",930,"",NA,169000
"292","Long Beach","Condo/Twh",2,2,"2",930,"",NA,225000
"293","Long Beach","Condo/Twh",2,2,"2",930,"",NA,225000
"294","Long Beach","Condo/Twh",2,2,"2",954,"",NA,260000
"295","Long Beach","Condo/Twh",2,2,"2",957,"",NA,195000
"296","Long Beach","Condo/Twh",2,2,"2",957,"",NA,280000
"297","Long Beach","Condo/Twh",2,2,"2",960,"",NA,169900
"298","Long Beach","Condo/Twh",2,2,"2",960,"",NA,265000
"299","Long Beach","Condo/Twh",2,2,"2",961,"",NA,189900
"300","Long Beach","Condo/Twh",2,2,"2",978,"",NA,180000
"301","Long Beach","Condo/Twh",2,2,"2",985,"",NA,255000
"302","Long Beach","Condo/Twh",2,2,"2",990,"",NA,159000
"303","Long Beach","Condo/Twh",2,2,"2",1000,"",NA,230000
"304","Long Beach","Condo/Twh",2,2,"2",1000,"",NA,425000
"305","Long Beach","Condo/Twh",2,2,"2",1014,"",NA,155000
"306","Long Beach","Condo/Twh",2,2,"2",1014,"",NA,169000
"307","Long Beach","Condo/Twh",2,2,"2",1015,"",NA,185000
"308","Long Beach","Condo/Twh",2,2,"2",1020,"",NA,449000
"309","Long Beach","Condo/Twh",2,2,"2",1020,"",NA,629900
"310","Long Beach","Condo/Twh",2,2,"2",1022,"",NA,289000
"311","Long Beach","Condo/Twh",2,2,"2",1023,"",NA,188000
"312","Long Beach","Condo/Twh",2,2,"2",1028,"",NA,311900
"313","Long Beach","Condo/Twh",2,2,"2",1028,"",NA,314900
"314","Long Beach","Condo/Twh",2,2,"2",1028,"",NA,330000
"315","Long Beach","Condo/Twh",2,2,"2",1029,"",NA,359000
"316","Long Beach","Condo/Twh",2,2,"2",1040,"",NA,343000
"317","Long Beach","Condo/Twh",2,2,"2",1048,"",NA,179800
"318","Long Beach","Condo/Twh",2,2,"2",1049,"",NA,175000
"319","Long Beach","Condo/Twh",2,2,"2",1050,"",NA,225000
"320","Long Beach","Condo/Twh",2,2,"2",1052,"",NA,345000
"321","Long Beach","Condo/Twh",2,2,"2",1053,"",NA,225000
"322","Long Beach","Condo/Twh",2,2,"2",1065,"",NA,230000
"323","Long Beach","Condo/Twh",2,2,"2",1070,"",NA,290000
"324","Long Beach","Condo/Twh",2,2,"2",1070,"",NA,360000
"325","Long Beach","Condo/Twh",2,2,"2",1070,"",NA,435000
"326","Long Beach","Condo/Twh",2,2,"2",1070,"",NA,479900
"327","Long Beach","Condo/Twh",2,2,"2",1079,"",NA,249900
"328","Long Beach","Condo/Twh",2,2,"2",1080,"",NA,356001
"329","Long Beach","Condo/Twh",2,2,"2",1098,"",NA,325000
"330","Long Beach","Condo/Twh",2,2,"2",1100,"",NA,235000
"331","Long Beach","Condo/Twh",2,2,"2",1121,"",NA,325000
"332","Long Beach","Condo/Twh",2,2,"2",1146,"",NA,340000
"333","Long Beach","Condo/Twh",2,2,"2",1151,"",NA,299500
"334","Long Beach","Condo/Twh",2,2,"2",1155,"",NA,219900
"335","Long Beach","Condo/Twh",2,2,"2",1160,"",NA,349000
"336","Long Beach","Condo/Twh",2,2,"2",1200,"",NA,385110
"337","Long Beach","Condo/Twh",2,2,"2",1206,"",NA,379000
"338","Long Beach","Condo/Twh",2,2,"2",1217,"",NA,390000
"339","Long Beach","Condo/Twh",2,2,"2",1227,"",NA,369900
"340","Long Beach","Condo/Twh",2,2,"2",1231,"",NA,310000
"341","Long Beach","Condo/Twh",2,2,"2",1251,"",NA,639900
"342","Long Beach","Condo/Twh",2,2,"2",1286,"",NA,159900
"343","Long Beach","Condo/Twh",2,2,"2",1313,"",NA,527000
"344","Long Beach","Condo/Twh",2,2,"2",1333,"",NA,250000
"345","Long Beach","Condo/Twh",2,2,"2",1340,"",NA,621500
"346","Long Beach","Condo/Twh",2,2,"2",1400,"",NA,375000
"347","Long Beach","Condo/Twh",2,2,"2",1400,"",NA,457500
"348","Long Beach","Condo/Twh",2,2,"2",1400,"",NA,519900
"349","Long Beach","Condo/Twh",2,2,"2",1443,"",NA,988000
"350","Long Beach","Condo/Twh",2,2,"2",1509,"",NA,439000
"351","Long Beach","Condo/Twh",2,2,"2",1540,"",NA,895000
"352","Long Beach","Condo/Twh",2,2,"2",1542,"",NA,699000
"353","Long Beach","Condo/Twh",2,2,"2",1542,"",NA,735000
"354","Long Beach","Condo/Twh",2,2,"2",1619,"",NA,369990
"355","Long Beach","Condo/Twh",2,2.5,"",1332,"",NA,389900
"356","Long Beach","Condo/Twh",2,3,"",979,"",NA,175000
"357","Long Beach","Condo/Twh",2,3,"1",1206,"",NA,395000
"358","Long Beach","Condo/Twh",2,3,"1",1300,"",NA,875000
"359","Long Beach","Condo/Twh",2,3,"1",1300,"",NA,875000
"360","Long Beach","Condo/Twh",2,3,"2",949,"",NA,195000
"361","Long Beach","Condo/Twh",2,3,"2",1020,"",NA,230000
"362","Long Beach","Condo/Twh",2,3,"2",1056,"",NA,199000
"363","Long Beach","Condo/Twh",2,3,"2",1284,"",NA,372000
"364","Long Beach","Condo/Twh",2,3,"2",1290,"",NA,375000
"365","Long Beach","Condo/Twh",2,3,"2",1290,"",NA,399900
"366","Long Beach","Condo/Twh",2,3,"2",1293,"",NA,179999
"367","Long Beach","Condo/Twh",2,3,"2",1320,"",NA,371000
"368","Long Beach","Condo/Twh",2,3,"2",1391,"",NA,299000
"369","Long Beach","Condo/Twh",2,3,"2",1474,"",NA,4e+05
"370","Long Beach","Condo/Twh",2,3,"2",1700,"",NA,599000
"371","Long Beach","Condo/Twh",2,3,"2",1741,"",NA,849000
"372","Long Beach","Condo/Twh",2,3,"2",2000,"",NA,995000
"373","Long Beach","Condo/Twh",2,3,"2",3055,"",NA,2100000
"374","Long Beach","Condo/Twh",3,2,"",1260,"",NA,325000
"375","Long Beach","Condo/Twh",3,2,"",1310,"",NA,335000
"376","Long Beach","Condo/Twh",3,2,"",1638,"",NA,459900
"377","Long Beach","Condo/Twh",3,2,"",1724,"",NA,549000
"378","Long Beach","Condo/Twh",3,2,"1",1102,"",NA,327000
"379","Long Beach","Condo/Twh",3,2,"1",1122,"",NA,348000
"380","Long Beach","Condo/Twh",3,2,"1",1406,"",NA,439000
"381","Long Beach","Condo/Twh",3,2,"1",1484,"",NA,529000
"382","Long Beach","Condo/Twh",3,2,"1",1910,"",NA,395000
"383","Long Beach","Condo/Twh",3,2,"2",1040,"",NA,255000
"384","Long Beach","Condo/Twh",3,2,"2",1120,"",NA,339000
"385","Long Beach","Condo/Twh",3,2,"2",1158,"",NA,3e+05
"386","Long Beach","Condo/Twh",3,2,"2",1260,"",NA,419000
"387","Long Beach","Condo/Twh",3,2,"2",1260,"",NA,649000
"388","Long Beach","Condo/Twh",3,2,"2",1260,"",NA,699500
"389","Long Beach","Condo/Twh",3,2,"2",1282,"",NA,799000
"390","Long Beach","Condo/Twh",3,2,"2",1319,"",NA,589000
"391","Long Beach","Condo/Twh",3,2,"2",1340,"",NA,1150000
"392","Long Beach","Condo/Twh",3,2,"2",1380,"",NA,349000
"393","Long Beach","Condo/Twh",3,2,"2",1400,"",NA,559000
"394","Long Beach","Condo/Twh",3,2,"2",1425,"",NA,899000
"395","Long Beach","Condo/Twh",3,2,"2",1551,"",NA,649990
"396","Long Beach","Condo/Twh",3,2,"2",1551,"",NA,995000
"397","Long Beach","Condo/Twh",3,2,"2",1551,"",NA,1100000
"398","Long Beach","Condo/Twh",3,2,"2",1558,"",NA,564500
"399","Long Beach","Condo/Twh",3,2,"2",1592,"",NA,579900
"400","Long Beach","Condo/Twh",3,2,"2",1652,"",NA,1165000
"401","Long Beach","Condo/Twh",3,2,"2",1957,"",NA,315000
"402","Long Beach","Condo/Twh",3,2.5,"",1436,"",NA,319000
"403","Long Beach","Condo/Twh",3,3,"",1640,"",NA,338000
"404","Long Beach","Condo/Twh",3,3,"",2360,"",NA,685000
"405","Long Beach","Condo/Twh",3,3,"2",1519,"",NA,149900
"406","Long Beach","Condo/Twh",3,3,"2",1728,"",NA,539000
"407","Long Beach","Condo/Twh",3,3,"2",1728,"",NA,619000
"408","Long Beach","Condo/Twh",3,3,"2",1735,"",NA,1300000
"409","Long Beach","Condo/Twh",3,3,"2",1748,"",NA,995000
"410","Long Beach","Condo/Twh",3,3,"2",1800,"",NA,450000
"411","Long Beach","Condo/Twh",3,3,"2",1800,"",NA,1250000
"412","Long Beach","Condo/Twh",3,3,"2",2068,"",NA,645000
"413","Long Beach","Condo/Twh",3,3,"2",2220,"",NA,899000
"414","Long Beach","Condo/Twh",3,3,"2",2350,"",NA,1049000
"415","Long Beach","Condo/Twh",3,3,"2",3290,"",NA,1999999
"416","Long Beach","Condo/Twh",3,3,"2",3490,"",NA,1850000
"417","Long Beach","Condo/Twh",3,4,"2",2026,"",NA,450000
"418","Long Beach","Condo/Twh",4,2,"",1090,"",NA,147500
"419","Long Beach","Condo/Twh",4,3,"2",2043,"",NA,475000
"420","Long Beach","Condo/Twh",4,3,"2",2078,"",NA,495000
"421","Long Beach","Condo/Twh",4,4,"2",2068,"",NA,770000
"422","Long Beach","SFR",1,1,"",578,"",NA,157290
"423","Long Beach","SFR",1,1,"",606,"",NA,140000
"424","Long Beach","SFR",1,1,"",608,"",NA,132500
"425","Long Beach","SFR",1,1,"",646,"",NA,140000
"426","Long Beach","SFR",1,1,"",746,"",NA,152000
"427","Long Beach","SFR",1,1,"1",528,"",NA,154900
"428","Long Beach","SFR",1,1,"1",549,"",NA,439900
"429","Long Beach","SFR",1,1,"1",624,"",NA,131900
"430","Long Beach","SFR",1,1,"1",681,"",NA,210000
"431","Long Beach","SFR",1,1,"1",888,"",NA,409000
"432","Long Beach","SFR",2,1,"",560,"",NA,115000
"433","Long Beach","SFR",2,1,"",638,"",NA,149000
"434","Long Beach","SFR",2,1,"",706,"",NA,224900
"435","Long Beach","SFR",2,1,"",714,"",NA,119900
"436","Long Beach","SFR",2,1,"",714,"",NA,185000
"437","Long Beach","SFR",2,1,"",722,"",NA,195000
"438","Long Beach","SFR",2,1,"",771,"",NA,220000
"439","Long Beach","SFR",2,1,"",810,"",NA,299000
"440","Long Beach","SFR",2,1,"",814,"",NA,244900
"441","Long Beach","SFR",2,1,"",825,"",NA,189000
"442","Long Beach","SFR",2,1,"",825,"",NA,230000
"443","Long Beach","SFR",2,1,"",825,"",NA,240000
"444","Long Beach","SFR",2,1,"",848,"",NA,336000
"445","Long Beach","SFR",2,1,"",856,"",NA,120000
"446","Long Beach","SFR",2,1,"",914,"",NA,210000
"447","Long Beach","SFR",2,1,"",968,"",NA,599900
"448","Long Beach","SFR",2,1,"",1044,"",NA,390000
"449","Long Beach","SFR",2,1,"",1047,"",NA,246900
"450","Long Beach","SFR",2,1,"",1048,"",NA,250000
"451","Long Beach","SFR",2,1,"",1556,"",NA,526000
"452","Long Beach","SFR",2,1,"1",648,"",NA,149900
"453","Long Beach","SFR",2,1,"1",655,"",NA,139900
"454","Long Beach","SFR",2,1,"1",672,"",NA,125000
"455","Long Beach","SFR",2,1,"1",744,"",NA,209000
"456","Long Beach","SFR",2,1,"1",764,"",NA,149900
"457","Long Beach","SFR",2,1,"1",766,"",NA,2e+05
"458","Long Beach","SFR",2,1,"1",796,"",NA,150000
"459","Long Beach","SFR",2,1,"1",800,"",NA,209000
"460","Long Beach","SFR",2,1,"1",800,"",NA,220000
"461","Long Beach","SFR",2,1,"1",804,"",NA,389000
"462","Long Beach","SFR",2,1,"1",815,"",NA,130000
"463","Long Beach","SFR",2,1,"1",816,"",NA,219850
"464","Long Beach","SFR",2,1,"1",825,"",NA,129000
"465","Long Beach","SFR",2,1,"1",829,"",NA,260000
"466","Long Beach","SFR",2,1,"1",850,"",NA,210000
"467","Long Beach","SFR",2,1,"1",852,"",NA,130000
"468","Long Beach","SFR",2,1,"1",856,"",NA,180000
"469","Long Beach","SFR",2,1,"1",864,"",NA,209900
"470","Long Beach","SFR",2,1,"1",864,"",NA,450000
"471","Long Beach","SFR",2,1,"1",868,"",NA,280000
"472","Long Beach","SFR",2,1,"1",870,"",NA,159000
"473","Long Beach","SFR",2,1,"1",884,"",NA,154300
"474","Long Beach","SFR",2,1,"1",888,"",NA,220000
"475","Long Beach","SFR",2,1,"1",892,"",NA,369900
"476","Long Beach","SFR",2,1,"1",908,"",NA,4e+05
"477","Long Beach","SFR",2,1,"1",938,"",NA,190000
"478","Long Beach","SFR",2,1,"1",940,"",NA,399000
"479","Long Beach","SFR",2,1,"1",954,"",NA,275000
"480","Long Beach","SFR",2,1,"1",959,"",NA,649990
"481","Long Beach","SFR",2,1,"1",960,"",NA,315000
"482","Long Beach","SFR",2,1,"1",982,"",NA,268900
"483","Long Beach","SFR",2,1,"1",1062,"",NA,199000
"484","Long Beach","SFR",2,1,"1",1068,"",NA,169900
"485","Long Beach","SFR",2,1,"1",1090,"",NA,180000
"486","Long Beach","SFR",2,1,"1",1104,"",NA,165000
"487","Long Beach","SFR",2,1,"1",1134,"",NA,3e+05
"488","Long Beach","SFR",2,1,"1",1176,"",NA,290000
"489","Long Beach","SFR",2,1,"1",1180,"",NA,549000
"490","Long Beach","SFR",2,1,"1",1200,"",NA,749000
"491","Long Beach","SFR",2,1,"1",1317,"",NA,215000
"492","Long Beach","SFR",2,1,"1",1444,"",NA,195000
"493","Long Beach","SFR",2,1,"2",672,"",NA,185000
"494","Long Beach","SFR",2,1,"2",696,"",NA,269900
"495","Long Beach","SFR",2,1,"2",704,"",NA,180000
"496","Long Beach","SFR",2,1,"2",720,"",NA,160000
"497","Long Beach","SFR",2,1,"2",724,"",NA,190000
"498","Long Beach","SFR",2,1,"2",750,"",NA,175000
"499","Long Beach","SFR",2,1,"2",756,"",NA,195000
"500","Long Beach","SFR",2,1,"2",760,"",NA,219900
"501","Long Beach","SFR",2,1,"2",768,"",NA,199000
"502","Long Beach","SFR",2,1,"2",789,"",NA,225000
"503","Long Beach","SFR",2,1,"2",803,"",NA,220000
"504","Long Beach","SFR",2,1,"2",808,"",NA,389000
"505","Long Beach","SFR",2,1,"2",812,"",NA,229900
"506","Long Beach","SFR",2,1,"2",842,"",NA,135000
"507","Long Beach","SFR",2,1,"2",858,"",NA,469900
"508","Long Beach","SFR",2,1,"2",861,"",NA,299999
"509","Long Beach","SFR",2,1,"2",863,"",NA,345000
"510","Long Beach","SFR",2,1,"2",874,"",NA,149999
"511","Long Beach","SFR",2,1,"2",887,"",NA,399900
"512","Long Beach","SFR",2,1,"2",887,"",NA,459000
"513","Long Beach","SFR",2,1,"2",894,"",NA,180000
"514","Long Beach","SFR",2,1,"2",900,"",NA,260000
"515","Long Beach","SFR",2,1,"2",903,"",NA,209900
"516","Long Beach","SFR",2,1,"2",908,"",NA,245000
"517","Long Beach","SFR",2,1,"2",914,"",NA,189000
"518","Long Beach","SFR",2,1,"2",916,"",NA,260000
"519","Long Beach","SFR",2,1,"2",928,"",NA,135000
"520","Long Beach","SFR",2,1,"2",928,"",NA,199000
"521","Long Beach","SFR",2,1,"2",929,"",NA,386900
"522","Long Beach","SFR",2,1,"2",935,"",NA,259000
"523","Long Beach","SFR",2,1,"2",940,"",NA,289000
"524","Long Beach","SFR",2,1,"2",948,"",NA,215000
"525","Long Beach","SFR",2,1,"2",952,"",NA,199000
"526","Long Beach","SFR",2,1,"2",956,"",NA,389990
"527","Long Beach","SFR",2,1,"2",957,"",NA,350000
"528","Long Beach","SFR",2,1,"2",960,"",NA,199000
"529","Long Beach","SFR",2,1,"2",967,"",NA,209800
"530","Long Beach","SFR",2,1,"2",976,"",NA,275000
"531","Long Beach","SFR",2,1,"2",986,"",NA,229900
"532","Long Beach","SFR",2,1,"2",988,"",NA,155000
"533","Long Beach","SFR",2,1,"2",998,"",NA,477900
"534","Long Beach","SFR",2,1,"2",999,"",NA,349900
"535","Long Beach","SFR",2,1,"2",1000,"",NA,156750
"536","Long Beach","SFR",2,1,"2",1012,"",NA,425000
"537","Long Beach","SFR",2,1,"2",1030,"",NA,320000
"538","Long Beach","SFR",2,1,"2",1030,"",NA,379000
"539","Long Beach","SFR",2,1,"2",1036,"",NA,310000
"540","Long Beach","SFR",2,1,"2",1042,"",NA,299000
"541","Long Beach","SFR",2,1,"2",1060,"",NA,260000
"542","Long Beach","SFR",2,1,"2",1064,"",NA,299000
"543","Long Beach","SFR",2,1,"2",1092,"",NA,419900
"544","Long Beach","SFR",2,1,"2",1093,"",NA,240000
"545","Long Beach","SFR",2,1,"2",1098,"",NA,250000
"546","Long Beach","SFR",2,1,"2",1116,"",NA,350000
"547","Long Beach","SFR",2,1,"2",1121,"",NA,259900
"548","Long Beach","SFR",2,1,"2",1122,"",NA,499900
"549","Long Beach","SFR",2,1,"2",1128,"",NA,429000
"550","Long Beach","SFR",2,1,"2",1138,"",NA,296900
"551","Long Beach","SFR",2,1,"2",1140,"",NA,289000
"552","Long Beach","SFR",2,1,"2",1149,"",NA,330000
"553","Long Beach","SFR",2,1,"2",1176,"",NA,434000
"554","Long Beach","SFR",2,1,"2",1178,"",NA,340000
"555","Long Beach","SFR",2,1,"2",1182,"",NA,249999
"556","Long Beach","SFR",2,1,"2",1200,"",NA,349900
"557","Long Beach","SFR",2,1,"2",1210,"",NA,187900
"558","Long Beach","SFR",2,1,"2",1247,"",NA,449999
"559","Long Beach","SFR",2,1,"2",1250,"",NA,1049900
"560","Long Beach","SFR",2,1,"2",1262,"",NA,649900
"561","Long Beach","SFR",2,1,"2",1341,"",NA,270000
"562","Long Beach","SFR",2,1,"2",1394,"",NA,449000
"563","Long Beach","SFR",2,1,"2",1400,"",NA,349999
"564","Long Beach","SFR",2,2,"",960,"",NA,249000
"565","Long Beach","SFR",2,2,"",968,"",NA,180000
"566","Long Beach","SFR",2,2,"",972,"",NA,195000
"567","Long Beach","SFR",2,2,"",1044,"",NA,529000
"568","Long Beach","SFR",2,2,"",1164,"",NA,235000
"569","Long Beach","SFR",2,2,"",1375,"",NA,205000
"570","Long Beach","SFR",2,2,"1",618,"",NA,119000
"571","Long Beach","SFR",2,2,"1",775,"",NA,149900
"572","Long Beach","SFR",2,2,"1",850,"",NA,425000
"573","Long Beach","SFR",2,2,"1",864,"",NA,455000
"574","Long Beach","SFR",2,2,"1",1066,"Y",NA,219000
"575","Long Beach","SFR",2,2,"1",1082,"",NA,210000
"576","Long Beach","SFR",2,2,"1",1115,"",NA,169000
"577","Long Beach","SFR",2,2,"1",1147,"",NA,749000
"578","Long Beach","SFR",2,2,"1",1186,"",NA,649900
"579","Long Beach","SFR",2,2,"1",1188,"",NA,380000
"580","Long Beach","SFR",2,2,"1",1189,"",NA,299000
"581","Long Beach","SFR",2,2,"1",1274,"",NA,234600
"582","Long Beach","SFR",2,2,"1",1303,"",NA,304900
"583","Long Beach","SFR",2,2,"1",1464,"",NA,225000
"584","Long Beach","SFR",2,2,"1",1600,"",NA,875000
"585","Long Beach","SFR",2,2,"1",1738,"",NA,769000
"586","Long Beach","SFR",2,2,"2",924,"",NA,189000
"587","Long Beach","SFR",2,2,"2",936,"",NA,369000
"588","Long Beach","SFR",2,2,"2",955,"",NA,220000
"589","Long Beach","SFR",2,2,"2",1002,"",NA,349000
"590","Long Beach","SFR",2,2,"2",1013,"",NA,279900
"591","Long Beach","SFR",2,2,"2",1124,"",NA,458000
"592","Long Beach","SFR",2,2,"2",1135,"Y",NA,325000
"593","Long Beach","SFR",2,2,"2",1176,"",NA,330000
"594","Long Beach","SFR",2,2,"2",1216,"",NA,410000
"595","Long Beach","SFR",2,2,"2",1303,"",NA,1498000
"596","Long Beach","SFR",2,2,"2",1312,"",NA,450000
"597","Long Beach","SFR",2,2,"2",1341,"",NA,319900
"598","Long Beach","SFR",2,2,"2",1380,"",NA,735000
"599","Long Beach","SFR",2,2,"2",1394,"",NA,575000
"600","Long Beach","SFR",2,2,"2",1419,"",NA,260900
"601","Long Beach","SFR",2,2,"2",1430,"",NA,442000
"602","Long Beach","SFR",2,2,"2",1488,"",NA,408000
"603","Long Beach","SFR",2,2,"2",1493,"",NA,574900
"604","Long Beach","SFR",2,2,"2",1581,"",NA,280000
"605","Long Beach","SFR",2,2,"2",1666,"",NA,349000
"606","Long Beach","SFR",2,3,"1",1126,"",NA,270000
"607","Long Beach","SFR",2,3,"1",2056,"",NA,875000
"608","Long Beach","SFR",2,3,"2",1816,"",NA,459000
"609","Long Beach","SFR",2,3,"2",2148,"",NA,524900
"610","Long Beach","SFR",3,1,"",707,"",NA,180000
"611","Long Beach","SFR",3,1,"",951,"",NA,5e+05
"612","Long Beach","SFR",3,1,"",956,"",NA,174800
"613","Long Beach","SFR",3,1,"",1000,"",NA,193100
"614","Long Beach","SFR",3,1,"",1012,"",NA,361000
"615","Long Beach","SFR",3,1,"",1068,"",NA,144900
"616","Long Beach","SFR",3,1,"",1165,"",NA,199900
"617","Long Beach","SFR",3,1,"",1298,"",NA,229000
"618","Long Beach","SFR",3,1,"1",820,"",NA,239000
"619","Long Beach","SFR",3,1,"1",849,"",NA,190000
"620","Long Beach","SFR",3,1,"1",902,"",NA,435000
"621","Long Beach","SFR",3,1,"1",918,"",NA,159900
"622","Long Beach","SFR",3,1,"1",1000,"",NA,539000
"623","Long Beach","SFR",3,1,"1",1002,"",NA,230000
"624","Long Beach","SFR",3,1,"1",1056,"",NA,240000
"625","Long Beach","SFR",3,1,"1",1098,"",NA,219900
"626","Long Beach","SFR",3,1,"1",1122,"",NA,225000
"627","Long Beach","SFR",3,1,"1",1205,"",NA,439000
"628","Long Beach","SFR",3,1,"1",1330,"",NA,279000
"629","Long Beach","SFR",3,1,"1",1368,"",NA,255000
"630","Long Beach","SFR",3,1,"1",1500,"",NA,275000
"631","Long Beach","SFR",3,1,"2",946,"",NA,395000
"632","Long Beach","SFR",3,1,"2",960,"",NA,174900
"633","Long Beach","SFR",3,1,"2",964,"",NA,275000
"634","Long Beach","SFR",3,1,"2",966,"",NA,190000
"635","Long Beach","SFR",3,1,"2",972,"",NA,330000
"636","Long Beach","SFR",3,1,"2",980,"",NA,409999
"637","Long Beach","SFR",3,1,"2",990,"",NA,275000
"638","Long Beach","SFR",3,1,"2",1003,"",NA,390000
"639","Long Beach","SFR",3,1,"2",1003,"",NA,390000
"640","Long Beach","SFR",3,1,"2",1004,"",NA,380000
"641","Long Beach","SFR",3,1,"2",1005,"",NA,320000
"642","Long Beach","SFR",3,1,"2",1007,"",NA,3e+05
"643","Long Beach","SFR",3,1,"2",1008,"",NA,240000
"644","Long Beach","SFR",3,1,"2",1009,"",NA,439900
"645","Long Beach","SFR",3,1,"2",1030,"",NA,409000
"646","Long Beach","SFR",3,1,"2",1038,"",NA,270000
"647","Long Beach","SFR",3,1,"2",1040,"",NA,199900
"648","Long Beach","SFR",3,1,"2",1055,"",NA,449000
"649","Long Beach","SFR",3,1,"2",1064,"",NA,235000
"650","Long Beach","SFR",3,1,"2",1082,"",NA,249900
"651","Long Beach","SFR",3,1,"2",1089,"",NA,240000
"652","Long Beach","SFR",3,1,"2",1100,"",NA,289000
"653","Long Beach","SFR",3,1,"2",1152,"",NA,190000
"654","Long Beach","SFR",3,1,"2",1189,"",NA,297198
"655","Long Beach","SFR",3,1,"2",1202,"",NA,275000
"656","Long Beach","SFR",3,1,"2",1226,"",NA,210000
"657","Long Beach","SFR",3,1,"2",1232,"",NA,445000
"658","Long Beach","SFR",3,1,"2",1243,"",NA,610900
"659","Long Beach","SFR",3,1,"2",1276,"",NA,280000
"660","Long Beach","SFR",3,1,"2",1276,"",NA,562900
"661","Long Beach","SFR",3,1,"2",1339,"",NA,549000
"662","Long Beach","SFR",3,1,"2",1359,"",NA,399900
"663","Long Beach","SFR",3,1,"2",1365,"",NA,495000
"664","Long Beach","SFR",3,1,"2",1400,"",NA,250000
"665","Long Beach","SFR",3,1,"2",1453,"",NA,319900
"666","Long Beach","SFR",3,1,"2",1500,"",NA,225000
"667","Long Beach","SFR",3,1,"2",1720,"",NA,429900
"668","Long Beach","SFR",3,2,"",899,"",NA,235000
"669","Long Beach","SFR",3,2,"",914,"",NA,212900
"670","Long Beach","SFR",3,2,"",1040,"",NA,180000
"671","Long Beach","SFR",3,2,"",1102,"",NA,298000
"672","Long Beach","SFR",3,2,"",1209,"",NA,229900
"673","Long Beach","SFR",3,2,"",1312,"",NA,313900
"674","Long Beach","SFR",3,2,"",1395,"",NA,245000
"675","Long Beach","SFR",3,2,"",1400,"",NA,325000
"676","Long Beach","SFR",3,2,"",1509,"",NA,399000
"677","Long Beach","SFR",3,2,"",1558,"",NA,245000
"678","Long Beach","SFR",3,2,"",1560,"",NA,193050
"679","Long Beach","SFR",3,2,"",1624,"",NA,269500
"680","Long Beach","SFR",3,2,"",1900,"",NA,365000
"681","Long Beach","SFR",3,2,"1",845,"",NA,230000
"682","Long Beach","SFR",3,2,"1",870,"",NA,189900
"683","Long Beach","SFR",3,2,"1",960,"",NA,154900
"684","Long Beach","SFR",3,2,"1",1045,"",NA,252000
"685","Long Beach","SFR",3,2,"1",1074,"",NA,417000
"686","Long Beach","SFR",3,2,"1",1100,"",NA,525000
"687","Long Beach","SFR",3,2,"1",1100,"",NA,549000
"688","Long Beach","SFR",3,2,"1",1138,"",NA,389900
"689","Long Beach","SFR",3,2,"1",1234,"",NA,375000
"690","Long Beach","SFR",3,2,"1",1260,"",NA,349900
"691","Long Beach","SFR",3,2,"1",1308,"",NA,579900
"692","Long Beach","SFR",3,2,"1",1344,"",NA,779000
"693","Long Beach","SFR",3,2,"1",1361,"",NA,579000
"694","Long Beach","SFR",3,2,"1",1364,"",NA,455000
"695","Long Beach","SFR",3,2,"1",1403,"",NA,549000
"696","Long Beach","SFR",3,2,"1",1408,"",NA,799000
"697","Long Beach","SFR",3,2,"1",1493,"",NA,475000
"698","Long Beach","SFR",3,2,"1",1579,"",NA,525000
"699","Long Beach","SFR",3,2,"1",1592,"",NA,579900
"700","Long Beach","SFR",3,2,"1",1732,"",NA,795000
"701","Long Beach","SFR",3,2,"1",1822,"",NA,390000
"702","Long Beach","SFR",3,2,"1",1839,"",NA,545000
"703","Long Beach","SFR",3,2,"2",988,"",NA,276950
"704","Long Beach","SFR",3,2,"2",1008,"",NA,225000
"705","Long Beach","SFR",3,2,"2",1020,"",NA,250000
"706","Long Beach","SFR",3,2,"2",1064,"",NA,209500
"707","Long Beach","SFR",3,2,"2",1121,"",NA,749900
"708","Long Beach","SFR",3,2,"2",1137,"",NA,349000
"709","Long Beach","SFR",3,2,"2",1138,"",NA,259000
"710","Long Beach","SFR",3,2,"2",1148,"",NA,360000
"711","Long Beach","SFR",3,2,"2",1162,"Y",NA,425000
"712","Long Beach","SFR",3,2,"2",1171,"",NA,295000
"713","Long Beach","SFR",3,2,"2",1180,"",NA,410000
"714","Long Beach","SFR",3,2,"2",1197,"",NA,175000
"715","Long Beach","SFR",3,2,"2",1200,"",NA,250000
"716","Long Beach","SFR",3,2,"2",1200,"",NA,315000
"717","Long Beach","SFR",3,2,"2",1200,"",NA,429000
"718","Long Beach","SFR",3,2,"2",1203,"",NA,260000
"719","Long Beach","SFR",3,2,"2",1204,"",NA,385000
"720","Long Beach","SFR",3,2,"2",1206,"",NA,299000
"721","Long Beach","SFR",3,2,"2",1216,"",NA,240000
"722","Long Beach","SFR",3,2,"2",1216,"",NA,479900
"723","Long Beach","SFR",3,2,"2",1218,"",NA,429000
"724","Long Beach","SFR",3,2,"2",1218,"",NA,490000
"725","Long Beach","SFR",3,2,"2",1223,"",NA,320000
"726","Long Beach","SFR",3,2,"2",1227,"",NA,519000
"727","Long Beach","SFR",3,2,"2",1227,"",NA,529500
"728","Long Beach","SFR",3,2,"2",1227,"",NA,543900
"729","Long Beach","SFR",3,2,"2",1227,"",NA,549500
"730","Long Beach","SFR",3,2,"2",1242,"",NA,529950
"731","Long Beach","SFR",3,2,"2",1244,"",NA,549900
"732","Long Beach","SFR",3,2,"2",1260,"",NA,389000
"733","Long Beach","SFR",3,2,"2",1260,"Y",NA,425000
"734","Long Beach","SFR",3,2,"2",1273,"",NA,290000
"735","Long Beach","SFR",3,2,"2",1296,"",NA,569000
"736","Long Beach","SFR",3,2,"2",1300,"",NA,469000
"737","Long Beach","SFR",3,2,"2",1300,"",NA,535000
"738","Long Beach","SFR",3,2,"2",1307,"",NA,325000
"739","Long Beach","SFR",3,2,"2",1308,"",NA,250000
"740","Long Beach","SFR",3,2,"2",1308,"",NA,280000
"741","Long Beach","SFR",3,2,"2",1317,"",NA,505000
"742","Long Beach","SFR",3,2,"2",1318,"",NA,395000
"743","Long Beach","SFR",3,2,"2",1322,"",NA,279900
"744","Long Beach","SFR",3,2,"2",1336,"",NA,359900
"745","Long Beach","SFR",3,2,"2",1339,"",NA,465000
"746","Long Beach","SFR",3,2,"2",1347,"",NA,435000
"747","Long Beach","SFR",3,2,"2",1360,"",NA,524900
"748","Long Beach","SFR",3,2,"2",1362,"",NA,450000
"749","Long Beach","SFR",3,2,"2",1362,"",NA,559900
"750","Long Beach","SFR",3,2,"2",1363,"",NA,320000
"751","Long Beach","SFR",3,2,"2",1365,"",NA,467000
"752","Long Beach","SFR",3,2,"2",1368,"",NA,249900
"753","Long Beach","SFR",3,2,"2",1375,"",NA,450000
"754","Long Beach","SFR",3,2,"2",1376,"",NA,315000
"755","Long Beach","SFR",3,2,"2",1385,"",NA,515000
"756","Long Beach","SFR",3,2,"2",1386,"",NA,379000
"757","Long Beach","SFR",3,2,"2",1393,"",NA,240000
"758","Long Beach","SFR",3,2,"2",1398,"",NA,499900
"759","Long Beach","SFR",3,2,"2",1410,"",NA,474900
"760","Long Beach","SFR",3,2,"2",1424,"",NA,450000
"761","Long Beach","SFR",3,2,"2",1425,"",NA,585000
"762","Long Beach","SFR",3,2,"2",1438,"",NA,329000
"763","Long Beach","SFR",3,2,"2",1445,"",NA,562000
"764","Long Beach","SFR",3,2,"2",1447,"",NA,525000
"765","Long Beach","SFR",3,2,"2",1472,"",NA,425000
"766","Long Beach","SFR",3,2,"2",1484,"",NA,7e+05
"767","Long Beach","SFR",3,2,"2",1484,"",NA,779000
"768","Long Beach","SFR",3,2,"2",1492,"",NA,459000
"769","Long Beach","SFR",3,2,"2",1495,"",NA,364000
"770","Long Beach","SFR",3,2,"2",1498,"",NA,450000
"771","Long Beach","SFR",3,2,"2",1500,"",NA,897000
"772","Long Beach","SFR",3,2,"2",1501,"",NA,569000
"773","Long Beach","SFR",3,2,"2",1504,"",NA,799999
"774","Long Beach","SFR",3,2,"2",1510,"",NA,499900
"775","Long Beach","SFR",3,2,"2",1511,"",NA,380000
"776","Long Beach","SFR",3,2,"2",1511,"",NA,495000
"777","Long Beach","SFR",3,2,"2",1520,"",NA,250000
"778","Long Beach","SFR",3,2,"2",1522,"",NA,4e+05
"779","Long Beach","SFR",3,2,"2",1532,"",NA,525000
"780","Long Beach","SFR",3,2,"2",1542,"",NA,460000
"781","Long Beach","SFR",3,2,"2",1548,"",NA,475000
"782","Long Beach","SFR",3,2,"2",1554,"",NA,450000
"783","Long Beach","SFR",3,2,"2",1567,"",NA,429000
"784","Long Beach","SFR",3,2,"2",1569,"",NA,520000
"785","Long Beach","SFR",3,2,"2",1580,"",NA,505000
"786","Long Beach","SFR",3,2,"2",1582,"",NA,285000
"787","Long Beach","SFR",3,2,"2",1600,"",NA,329900
"788","Long Beach","SFR",3,2,"2",1600,"",NA,525000
"789","Long Beach","SFR",3,2,"2",1608,"",NA,450000
"790","Long Beach","SFR",3,2,"2",1608,"",NA,475000
"791","Long Beach","SFR",3,2,"2",1620,"",NA,334900
"792","Long Beach","SFR",3,2,"2",1630,"",NA,584900
"793","Long Beach","SFR",3,2,"2",1631,"",NA,499000
"794","Long Beach","SFR",3,2,"2",1638,"",NA,439000
"795","Long Beach","SFR",3,2,"2",1651,"",NA,624900
"796","Long Beach","SFR",3,2,"2",1656,"",NA,285000
"797","Long Beach","SFR",3,2,"2",1656,"",NA,549000
"798","Long Beach","SFR",3,2,"2",1669,"",NA,565000
"799","Long Beach","SFR",3,2,"2",1674,"",NA,580000
"800","Long Beach","SFR",3,2,"2",1681,"",NA,449900
"801","Long Beach","SFR",3,2,"2",1693,"",NA,490000
"802","Long Beach","SFR",3,2,"2",1693,"Y",NA,539000
"803","Long Beach","SFR",3,2,"2",1694,"",NA,355000
"804","Long Beach","SFR",3,2,"2",1695,"",NA,275000
"805","Long Beach","SFR",3,2,"2",1700,"",NA,525000
"806","Long Beach","SFR",3,2,"2",1703,"",NA,582000
"807","Long Beach","SFR",3,2,"2",1715,"",NA,545000
"808","Long Beach","SFR",3,2,"2",1716,"",NA,459900
"809","Long Beach","SFR",3,2,"2",1736,"",NA,629900
"810","Long Beach","SFR",3,2,"2",1753,"",NA,285000
"811","Long Beach","SFR",3,2,"2",1760,"",NA,289000
"812","Long Beach","SFR",3,2,"2",1770,"",NA,590000
"813","Long Beach","SFR",3,2,"2",1777,"",NA,575000
"814","Long Beach","SFR",3,2,"2",1786,"",NA,247900
"815","Long Beach","SFR",3,2,"2",1800,"",NA,835500
"816","Long Beach","SFR",3,2,"2",1807,"",NA,625000
"817","Long Beach","SFR",3,2,"2",1818,"",NA,599900
"818","Long Beach","SFR",3,2,"2",1852,"",NA,245900
"819","Long Beach","SFR",3,2,"2",1898,"",NA,450000
"820","Long Beach","SFR",3,2,"2",1946,"",NA,499000
"821","Long Beach","SFR",3,2,"2",1950,"",NA,799000
"822","Long Beach","SFR",3,2,"2",1991,"",NA,437000
"823","Long Beach","SFR",3,2,"2",1998,"",NA,529000
"824","Long Beach","SFR",3,2,"2",2017,"",NA,462000
"825","Long Beach","SFR",3,2,"2",2032,"",NA,6e+05
"826","Long Beach","SFR",3,2,"2",2043,"",NA,749000
"827","Long Beach","SFR",3,2,"2",2081,"",NA,649000
"828","Long Beach","SFR",3,2,"2",2196,"",NA,3e+05
"829","Long Beach","SFR",3,2,"2",2200,"",NA,649000
"830","Long Beach","SFR",3,2,"2",2204,"",NA,725000
"831","Long Beach","SFR",3,2,"2",2250,"",NA,675000
"832","Long Beach","SFR",3,2,"2",2449,"",NA,980000
"833","Long Beach","SFR",3,2,"2",2871,"",NA,875000
"834","Long Beach","SFR",3,2,"3",1696,"",NA,585900
"835","Long Beach","SFR",3,2,"4+",1732,"",NA,389000
"836","Long Beach","SFR",3,2,"4+",1938,"",NA,390000
"837","Long Beach","SFR",3,3,"",1542,"",NA,215000
"838","Long Beach","SFR",3,3,"",1650,"",NA,399000
"839","Long Beach","SFR",3,3,"",1898,"",NA,649900
"840","Long Beach","SFR",3,3,"1",1023,"",NA,445000
"841","Long Beach","SFR",3,3,"1",1391,"",NA,249000
"842","Long Beach","SFR",3,3,"1",1532,"",NA,325000
"843","Long Beach","SFR",3,3,"1",1992,"",NA,702900
"844","Long Beach","SFR",3,3,"1",2118,"",NA,849000
"845","Long Beach","SFR",3,3,"2",884,"",NA,369000
"846","Long Beach","SFR",3,3,"2",1382,"",NA,345000
"847","Long Beach","SFR",3,3,"2",1410,"",NA,499000
"848","Long Beach","SFR",3,3,"2",1426,"",NA,359000
"849","Long Beach","SFR",3,3,"2",1469,"",NA,304920
"850","Long Beach","SFR",3,3,"2",1471,"",NA,875000
"851","Long Beach","SFR",3,3,"2",1619,"",NA,380000
"852","Long Beach","SFR",3,3,"2",1639,"",NA,629999
"853","Long Beach","SFR",3,3,"2",1651,"",NA,319777
"854","Long Beach","SFR",3,3,"2",1677,"",NA,339000
"855","Long Beach","SFR",3,3,"2",1778,"",NA,675000
"856","Long Beach","SFR",3,3,"2",1872,"",NA,580000
"857","Long Beach","SFR",3,3,"2",1872,"",NA,825000
"858","Long Beach","SFR",3,3,"2",1898,"",NA,649900
"859","Long Beach","SFR",3,3,"2",1951,"",NA,375000
"860","Long Beach","SFR",3,3,"2",1989,"",NA,595000
"861","Long Beach","SFR",3,3,"2",2036,"",NA,625000
"862","Long Beach","SFR",3,3,"2",2114,"",NA,649000
"863","Long Beach","SFR",3,3,"2",2144,"",NA,659900
"864","Long Beach","SFR",3,3,"2",2172,"",NA,849000
"865","Long Beach","SFR",3,3,"2",2185,"",NA,1599000
"866","Long Beach","SFR",3,3,"2",2210,"",NA,786000
"867","Long Beach","SFR",3,3,"2",2242,"",NA,795000
"868","Long Beach","SFR",3,3,"2",2274,"",NA,849000
"869","Long Beach","SFR",3,3,"2",2275,"",NA,470000
"870","Long Beach","SFR",3,3,"2",2309,"",NA,995000
"871","Long Beach","SFR",3,3,"2",2319,"",NA,725000
"872","Long Beach","SFR",3,3,"2",2323,"",NA,999900
"873","Long Beach","SFR",3,3,"2",2359,"",NA,990000
"874","Long Beach","SFR",3,3,"2",2441,"",NA,769000
"875","Long Beach","SFR",3,3,"2",2532,"",NA,2500000
"876","Long Beach","SFR",3,3,"2",2647,"",NA,799000
"877","Long Beach","SFR",3,3,"2",2806,"",NA,1175000
"878","Long Beach","SFR",3,3,"2",2829,"",NA,599900
"879","Long Beach","SFR",3,3,"2",3000,"",NA,879000
"880","Long Beach","SFR",3,3,"2",3005,"",NA,939000
"881","Long Beach","SFR",3,3,"2",3200,"",NA,1275000
"882","Long Beach","SFR",3,3,"3",2040,"",NA,299000
"883","Long Beach","SFR",3,4,"2",1092,"",NA,295000
"884","Long Beach","SFR",3,4,"2",2090,"",NA,2250000
"885","Long Beach","SFR",3,4,"2",2305,"",NA,1049000
"886","Long Beach","SFR",3,4,"2",2622,"",NA,509000
"887","Long Beach","SFR",3,4,"2",2841,"Y",NA,1329000
"888","Long Beach","SFR",3,4,"2",3100,"",NA,1950000
"889","Long Beach","SFR",3,4,"2",3169,"",NA,525000
"890","Long Beach","SFR",3,4,"2",3938,"",NA,4125000
"891","Long Beach","SFR",3,4,"3",4009,"",NA,1695000
"892","Long Beach","SFR",3,5,"2",3521,"",NA,1149000
"893","Long Beach","SFR",3,5,"2",3528,"",NA,2425000
"894","Long Beach","SFR",3,5,"2",4347,"",NA,1495000
"895","Long Beach","SFR",3,5,"3",6750,"",NA,3800000
"896","Long Beach","SFR",4,2,"",1309,"",NA,273000
"897","Long Beach","SFR",4,2,"",1400,"",NA,599000
"898","Long Beach","SFR",4,2,"",1532,"",NA,419900
"899","Long Beach","SFR",4,2,"",1776,"",NA,250000
"900","Long Beach","SFR",4,2,"",1828,"",NA,439000
"901","Long Beach","SFR",4,2,"",2023,"",NA,299900
"902","Long Beach","SFR",4,2,"",2036,"",NA,295000
"903","Long Beach","SFR",4,2,"1",968,"",NA,170000
"904","Long Beach","SFR",4,2,"1",1042,"",NA,259000
"905","Long Beach","SFR",4,2,"1",1558,"",NA,385000
"906","Long Beach","SFR",4,2,"1",1824,"",NA,299000
"907","Long Beach","SFR",4,2,"1",2812,"",NA,469000
"908","Long Beach","SFR",4,2,"2",1160,"",NA,250000
"909","Long Beach","SFR",4,2,"2",1176,"",NA,239000
"910","Long Beach","SFR",4,2,"2",1280,"",NA,329000
"911","Long Beach","SFR",4,2,"2",1322,"",NA,519000
"912","Long Beach","SFR",4,2,"2",1330,"",NA,279000
"913","Long Beach","SFR",4,2,"2",1334,"",NA,409900
"914","Long Beach","SFR",4,2,"2",1344,"",NA,329000
"915","Long Beach","SFR",4,2,"2",1353,"",NA,399900
"916","Long Beach","SFR",4,2,"2",1369,"",NA,439000
"917","Long Beach","SFR",4,2,"2",1391,"",NA,290000
"918","Long Beach","SFR",4,2,"2",1397,"",NA,455000
"919","Long Beach","SFR",4,2,"2",1400,"",NA,579000
"920","Long Beach","SFR",4,2,"2",1418,"",NA,350000
"921","Long Beach","SFR",4,2,"2",1424,"",NA,310000
"922","Long Beach","SFR",4,2,"2",1426,"",NA,549000
"923","Long Beach","SFR",4,2,"2",1460,"",NA,279900
"924","Long Beach","SFR",4,2,"2",1492,"",NA,475000
"925","Long Beach","SFR",4,2,"2",1496,"",NA,425000
"926","Long Beach","SFR",4,2,"2",1500,"",NA,488888
"927","Long Beach","SFR",4,2,"2",1546,"",NA,549900
"928","Long Beach","SFR",4,2,"2",1548,"",NA,350000
"929","Long Beach","SFR",4,2,"2",1554,"",NA,490000
"930","Long Beach","SFR",4,2,"2",1571,"",NA,299900
"931","Long Beach","SFR",4,2,"2",1575,"",NA,499900
"932","Long Beach","SFR",4,2,"2",1594,"",NA,399000
"933","Long Beach","SFR",4,2,"2",1656,"",NA,535000
"934","Long Beach","SFR",4,2,"2",1668,"",NA,3e+05
"935","Long Beach","SFR",4,2,"2",1679,"",NA,489900
"936","Long Beach","SFR",4,2,"2",1688,"",NA,495000
"937","Long Beach","SFR",4,2,"2",1729,"Y",NA,595000
"938","Long Beach","SFR",4,2,"2",1741,"",NA,299900
"939","Long Beach","SFR",4,2,"2",1761,"",NA,375000
"940","Long Beach","SFR",4,2,"2",1797,"",NA,549900
"941","Long Beach","SFR",4,2,"2",1803,"",NA,225800
"942","Long Beach","SFR",4,2,"2",1806,"",NA,388000
"943","Long Beach","SFR",4,2,"2",1852,"",NA,448900
"944","Long Beach","SFR",4,2,"2",1853,"",NA,499997
"945","Long Beach","SFR",4,2,"2",2000,"",NA,599997
"946","Long Beach","SFR",4,2,"2",2063,"",NA,525000
"947","Long Beach","SFR",4,2,"2",2116,"",NA,650000
"948","Long Beach","SFR",4,2,"2",2138,"",NA,689900
"949","Long Beach","SFR",4,2,"2",2259,"",NA,439900
"950","Long Beach","SFR",4,2,"4+",1426,"",NA,285000
"951","Long Beach","SFR",4,3,"",2550,"",NA,999000
"952","Long Beach","SFR",4,3,"1",1956,"",NA,469000
"953","Long Beach","SFR",4,3,"1",2062,"",NA,549900
"954","Long Beach","SFR",4,3,"2",1365,"",NA,499000
"955","Long Beach","SFR",4,3,"2",1675,"",NA,579900
"956","Long Beach","SFR",4,3,"2",1768,"",NA,479000
"957","Long Beach","SFR",4,3,"2",1768,"",NA,565000
"958","Long Beach","SFR",4,3,"2",1800,"",NA,415000
"959","Long Beach","SFR",4,3,"2",1811,"",NA,575000
"960","Long Beach","SFR",4,3,"2",1811,"",NA,625000
"961","Long Beach","SFR",4,3,"2",1878,"",NA,529000
"962","Long Beach","SFR",4,3,"2",1882,"",NA,619000
"963","Long Beach","SFR",4,3,"2",1894,"",NA,554900
"964","Long Beach","SFR",4,3,"2",1901,"",NA,259900
"965","Long Beach","SFR",4,3,"2",1958,"",NA,449500
"966","Long Beach","SFR",4,3,"2",2103,"",NA,799900
"967","Long Beach","SFR",4,3,"2",2112,"",NA,564900
"968","Long Beach","SFR",4,3,"2",2143,"",NA,599000
"969","Long Beach","SFR",4,3,"2",2174,"",NA,249900
"970","Long Beach","SFR",4,3,"2",2178,"",NA,839000
"971","Long Beach","SFR",4,3,"2",2242,"Y",NA,699800
"972","Long Beach","SFR",4,3,"2",2244,"",NA,610000
"973","Long Beach","SFR",4,3,"2",2287,"",NA,1395000
"974","Long Beach","SFR",4,3,"2",2301,"",NA,769900
"975","Long Beach","SFR",4,3,"2",2301,"",NA,950000
"976","Long Beach","SFR",4,3,"2",2325,"",NA,1095000
"977","Long Beach","SFR",4,3,"2",2335,"",NA,550000
"978","Long Beach","SFR",4,3,"2",2376,"",NA,799000
"979","Long Beach","SFR",4,3,"2",2400,"",NA,359900
"980","Long Beach","SFR",4,3,"2",2512,"",NA,1325000
"981","Long Beach","SFR",4,3,"2",2597,"",NA,1595000
"982","Long Beach","SFR",4,3,"2",2602,"",NA,1995000
"983","Long Beach","SFR",4,3,"2",2628,"",NA,699000
"984","Long Beach","SFR",4,3,"2",2712,"",NA,2350000
"985","Long Beach","SFR",4,3,"2",2807,"",NA,739990
"986","Long Beach","SFR",4,3,"2",2807,"",NA,779000
"987","Long Beach","SFR",4,3,"2",2882,"",NA,895000
"988","Long Beach","SFR",4,3,"2",2900,"",NA,599000
"989","Long Beach","SFR",4,3,"2",3100,"",NA,925000
"990","Long Beach","SFR",4,3,"2",3125,"",NA,1625000
"991","Long Beach","SFR",4,3,"2",3175,"",NA,1479000
"992","Long Beach","SFR",4,3,"2",3388,"",NA,705000
"993","Long Beach","SFR",4,3,"3",1954,"",NA,599000
"994","Long Beach","SFR",4,3,"3",2773,"",NA,1195000
"995","Long Beach","SFR",4,3,"3",2815,"",NA,989000
"996","Long Beach","SFR",4,3,"3",2850,"",NA,1195000
"997","Long Beach","SFR",4,3,"3",2878,"",NA,899500
"998","Long Beach","SFR",4,3,"3",2878,"",NA,1195000
"999","Long Beach","SFR",4,3,"3",3412,"",NA,1195000
"1000","Long Beach","SFR",4,3,"4+",2954,"",NA,998000
"1001","Long Beach","SFR",4,4,"1",3900,"",NA,1750000
"1002","Long Beach","SFR",4,4,"2",2236,"",NA,680000
"1003","Long Beach","SFR",4,4,"2",2301,"",NA,819000
"1004","Long Beach","SFR",4,4,"2",2543,"",NA,1395000
"1005","Long Beach","SFR",4,4,"2",2762,"",NA,1275000
"1006","Long Beach","SFR",4,4,"2",2883,"",NA,564000
"1007","Long Beach","SFR",4,4,"2",2892,"",NA,899900
"1008","Long Beach","SFR",4,4,"2",2948,"",NA,1149000
"1009","Long Beach","SFR",4,4,"2",2950,"",NA,1149000
"1010","Long Beach","SFR",4,4,"2",3121,"",NA,799900
"1011","Long Beach","SFR",4,4,"2",3275,"",NA,1575000
"1012","Long Beach","SFR",4,4,"2",3400,"",NA,1599000
"1013","Long Beach","SFR",4,4,"2",3411,"",NA,2350000
"1014","Long Beach","SFR",4,4,"2",3554,"",NA,849000
"1015","Long Beach","SFR",4,4,"2",3679,"",NA,1299000
"1016","Long Beach","SFR",4,4,"2",4000,"",NA,1650000
"1017","Long Beach","SFR",4,4,"2",4100,"",NA,4995000
"1018","Long Beach","SFR",4,4,"3",3076,"",NA,1395000
"1019","Long Beach","SFR",4,4,"3",3526,"",NA,2345000
"1020","Long Beach","SFR",4,4,"3",3982,"Y",NA,1549000
"1021","Long Beach","SFR",4,4,"4+",3590,"",NA,1325000
"1022","Long Beach","SFR",4,5,"2",1818,"",NA,380000
"1023","Long Beach","SFR",4,5,"2",3345,"",NA,1450000
"1024","Long Beach","SFR",4,5,"3",4852,"",NA,1599000
"1025","Long Beach","SFR",4,7,"2",6829,"Y",NA,2100000
"1026","Long Beach","SFR",5,2,"2",1074,"",NA,294900
"1027","Long Beach","SFR",5,3,"",2554,"",NA,460000
"1028","Long Beach","SFR",5,3,"2",2008,"",NA,3e+05
"1029","Long Beach","SFR",5,3,"2",2230,"",NA,625000
"1030","Long Beach","SFR",5,3,"2",2404,"",NA,1179000
"1031","Long Beach","SFR",5,3,"2",2632,"",NA,699900
"1032","Long Beach","SFR",5,3,"2",2652,"",NA,679000
"1033","Long Beach","SFR",5,3,"2",2671,"",NA,949000
"1034","Long Beach","SFR",5,3,"2",2907,"",NA,460000
"1035","Long Beach","SFR",5,4,"2",2073,"",NA,489000
"1036","Long Beach","SFR",5,4,"2",2198,"",NA,599000
"1037","Long Beach","SFR",5,4,"2",2854,"",NA,649000
"1038","Long Beach","SFR",5,4,"2",3234,"",NA,625000
"1039","Long Beach","SFR",5,4,"2",3260,"Y",NA,849900
"1040","Long Beach","SFR",5,4,"2",3688,"",NA,1395000
"1041","Long Beach","SFR",5,4,"2",4220,"Y",NA,1295000
"1042","Long Beach","SFR",5,4,"3",3295,"",NA,899000
"1043","Long Beach","SFR",5,4,"3",3391,"",NA,1145000
"1044","Long Beach","SFR",5,5,"2",3350,"",NA,1250000
"1045","Long Beach","SFR",5,5,"2",4302,"",NA,1750000
"1046","Long Beach","SFR",5,5,"2",4400,"Y",NA,1849000
"1047","Long Beach","SFR",5,5,"3",4020,"",NA,2995500
"1048","Long Beach","SFR",5,5,"3",5070,"",NA,6200000
"1049","Long Beach","SFR",5,5,"3",5135,"",NA,4200000
"1050","Long Beach","SFR",5,6,"2",4100,"",NA,1839000
"1051","Long Beach","SFR",5,6,"3",3468,"",NA,899950
"1052","Long Beach","SFR",5,6,"3",4436,"",NA,1900000
"1053","Long Beach","SFR",5,9,"",7500,"",NA,2995000
"1054","Long Beach","SFR",6,3,"2",2840,"",NA,699900
"1055","Long Beach","SFR",6,4,"",1753,"",NA,399000
"1056","Long Beach","SFR",6,4,"",3906,"",NA,1100000
"1057","Long Beach","SFR",6,4,"1",2509,"",NA,679000
"1058","Long Beach","SFR",6,4,"3",3725,"",NA,1390000
"1059","Long Beach","SFR",6,6,"",6200,"",NA,2875000
"1060","Long Beach","SFR",6,6,"2",5028,"",NA,1750000
"1061","Long Beach","SFR",7,5,"2",3675,"",NA,633000
"1062","Long Beach","SFR",7,5,"3",3362,"",NA,750000
"1063","Beverly Hills","Condo/Twh",2,2.5,"",1500,"",NA,1350000
"1064","Beverly Hills","Condo/Twh",2,2.5,"",1617,"",NA,1230000
"1065","Beverly Hills","Condo/Twh",2,2.5,"",1910,"",NA,1275000
"1066","Beverly Hills","Condo/Twh",2,2.5,"",1961,"",NA,1295000
"1067","Beverly Hills","Condo/Twh",2,2.5,"",2512,"",NA,1750000
"1068","Beverly Hills","Condo/Twh",2,2.5,"",2526,"",NA,1500000
"1069","Beverly Hills","Condo/Twh",2,2.5,"",2662,"",NA,1695000
"1070","Beverly Hills","Condo/Twh",2,2.5,"",2759,"",NA,2195000
"1071","Beverly Hills","Condo/Twh",2,3,"",1856,"",NA,1999000
"1072","Beverly Hills","Condo/Twh",2,3,"",2210,"",NA,1299999
"1073","Beverly Hills","Condo/Twh",2,3,"",2283,"",NA,1395000
"1074","Beverly Hills","Condo/Twh",2,3,"3",1857,"",NA,1350000
"1075","Beverly Hills","Condo/Twh",3,2.5,"",2265,"",NA,1500000
"1076","Beverly Hills","Condo/Twh",3,2.5,"",2265,"",NA,1650000
"1077","Beverly Hills","Condo/Twh",3,2.5,"",2285,"",NA,1500000
"1078","Beverly Hills","Condo/Twh",3,2.5,"",2659,"",NA,1875000
"1079","Beverly Hills","Condo/Twh",3,3,"",2028,"",NA,1395000
"1080","Beverly Hills","Condo/Twh",3,3,"",2058,"",NA,1250000
"1081","Beverly Hills","Condo/Twh",3,3,"",2593,"",NA,1395000
"1082","Beverly Hills","Condo/Twh",3,3,"3",2120,"",NA,1285000
"1083","Beverly Hills","Condo/Twh",3,3,"3",2236,"",NA,1185000
"1084","Beverly Hills","Condo/Twh",3,3.5,"",2314,"",NA,2295000
"1085","Beverly Hills","Condo/Twh",3,3.5,"",3014,"Y",NA,6150000
"1086","Beverly Hills","Condo/Twh",3,3.5,"",3233,"",NA,1949000
"1087","Beverly Hills","Condo/Twh",3,3.5,"",3314,"",NA,2595000
"1088","Beverly Hills","Condo/Twh",3,3.5,"",3411,"",NA,2290000
"1089","Beverly Hills","Condo/Twh",3,3.5,"",3411,"",NA,2490000
"1090","Beverly Hills","Condo/Twh",3,3.5,"",3411,"",NA,4995000
"1091","Beverly Hills","Condo/Twh",3,3.5,"",3865,"Y",NA,8850000
"1092","Beverly Hills","Condo/Twh",4,3.5,"",2083,"",NA,1190000
"1093","Beverly Hills","Condo/Twh",4,3.5,"",3387,"",NA,1990000
"1094","Beverly Hills","Condo/Twh",4,4,"",3039,"",NA,1395000
"1095","Beverly Hills","Condo/Twh",4,4.5,"",3200,"",NA,3995000
"1096","Beverly Hills","Condo/Twh",4,4.5,"",4695,"Y",NA,11650000
"1097","Beverly Hills","SFR",2,1,"",1345,"",NA,1595000
"1098","Beverly Hills","SFR",2,2,"",1344,"",NA,1199000
"1099","Beverly Hills","SFR",2,2,"",1788,"Y",NA,1595000
"1100","Beverly Hills","SFR",2,2,"",1822,"Y",NA,1750000
"1101","Beverly Hills","SFR",2,2,"",2239,"Y",NA,1699000
"1102","Beverly Hills","SFR",2,2,"",2274,"",NA,5e+06
"1103","Beverly Hills","SFR",2,2,"2",1631,"",NA,1195000
"1104","Beverly Hills","SFR",2,2.5,"",2471,"Y",NA,2850000
"1105","Beverly Hills","SFR",3,1,"",1439,"",NA,1995000
"1106","Beverly Hills","SFR",3,2,"",1660,"",NA,1400000
"1107","Beverly Hills","SFR",3,2,"",1670,"",NA,1349000
"1108","Beverly Hills","SFR",3,2,"",1690,"",NA,1250000
"1109","Beverly Hills","SFR",3,2,"",1700,"",NA,1295000
"1110","Beverly Hills","SFR",3,2,"",1768,"",NA,1199000
"1111","Beverly Hills","SFR",3,2,"",1817,"",NA,1590000
"1112","Beverly Hills","SFR",3,2,"",1818,"",NA,1620000
"1113","Beverly Hills","SFR",3,2,"",1850,"",NA,1525000
"1114","Beverly Hills","SFR",3,2,"",1895,"Y",NA,1925000
"1115","Beverly Hills","SFR",3,2,"",2545,"Y",NA,1750000
"1116","Beverly Hills","SFR",3,2,"2",1690,"",NA,1250000
"1117","Beverly Hills","SFR",3,2,"2",2121,"",NA,1425000
"1118","Beverly Hills","SFR",3,2.5,"",1528,"",NA,1675000
"1119","Beverly Hills","SFR",3,2.5,"",1641,"",NA,1799000
"1120","Beverly Hills","SFR",3,2.5,"",3352,"",NA,1499000
"1121","Beverly Hills","SFR",3,3,"",1730,"",NA,1199000
"1122","Beverly Hills","SFR",3,3,"",2134,"",NA,1850000
"1123","Beverly Hills","SFR",3,3,"",2162,"Y",NA,1449000
"1124","Beverly Hills","SFR",3,3,"",2205,"",NA,1599999
"1125","Beverly Hills","SFR",3,3,"",2209,"Y",NA,1295000
"1126","Beverly Hills","SFR",3,3,"",2234,"Y",NA,2e+06
"1127","Beverly Hills","SFR",3,3,"",2468,"Y",NA,2995000
"1128","Beverly Hills","SFR",3,3,"",2470,"Y",NA,1749000
"1129","Beverly Hills","SFR",3,3,"",2560,"",NA,1650000
"1130","Beverly Hills","SFR",3,3,"",2930,"Y",NA,2195000
"1131","Beverly Hills","SFR",3,3,"",3111,"Y",NA,2595000
"1132","Beverly Hills","SFR",3,3,"",3192,"Y",NA,2800000
"1133","Beverly Hills","SFR",3,3,"",3227,"Y",NA,1695000
"1134","Beverly Hills","SFR",3,3,"",4019,"Y",NA,1749000
"1135","Beverly Hills","SFR",3,3,"1",2797,"",NA,1695000
"1136","Beverly Hills","SFR",3,3,"2",1789,"",NA,1395000
"1137","Beverly Hills","SFR",3,3,"2",2428,"",NA,1600000
"1138","Beverly Hills","SFR",3,3.5,"",2736,"Y",NA,1469900
"1139","Beverly Hills","SFR",3,3.5,"",2850,"Y",NA,2095000
"1140","Beverly Hills","SFR",3,3.5,"",3000,"Y",NA,2995000
"1141","Beverly Hills","SFR",3,3.5,"",3234,"",NA,2349000
"1142","Beverly Hills","SFR",3,3.5,"",3773,"Y",NA,4295000
"1143","Beverly Hills","SFR",3,3.5,"",4169,"",NA,1990000
"1144","Beverly Hills","SFR",3,4,"",2616,"Y",NA,1995000
"1145","Beverly Hills","SFR",3,4.5,"",3985,"Y",NA,3950000
"1146","Beverly Hills","SFR",4,2,"",1937,"",NA,1595000
"1147","Beverly Hills","SFR",4,3,"",2032,"Y",NA,1275000
"1148","Beverly Hills","SFR",4,3,"",2076,"",NA,1250000
"1149","Beverly Hills","SFR",4,3,"",2550,"",NA,1799000
"1150","Beverly Hills","SFR",4,3,"",2598,"",NA,1579000
"1151","Beverly Hills","SFR",4,3,"",2629,"",NA,2349000
"1152","Beverly Hills","SFR",4,3,"",3089,"",NA,1750000
"1153","Beverly Hills","SFR",4,3,"",3130,"Y",NA,1600000
"1154","Beverly Hills","SFR",4,3,"",3216,"Y",NA,2395000
"1155","Beverly Hills","SFR",4,3,"",3380,"",NA,2395000
"1156","Beverly Hills","SFR",4,3.5,"",2450,"",NA,1349000
"1157","Beverly Hills","SFR",4,3.5,"",2512,"Y",NA,2295000
"1158","Beverly Hills","SFR",4,3.5,"",2833,"Y",NA,1795000
"1159","Beverly Hills","SFR",4,3.5,"",3238,"Y",NA,2400000
"1160","Beverly Hills","SFR",4,3.5,"",3730,"Y",NA,5500000
"1161","Beverly Hills","SFR",4,3.5,"",4000,"Y",NA,4999000
"1162","Beverly Hills","SFR",4,3.5,"",4840,"Y",NA,4795000
"1163","Beverly Hills","SFR",4,3.5,"",5011,"Y",NA,3950000
"1164","Beverly Hills","SFR",4,4,"",2472,"Y",NA,3895000
"1165","Beverly Hills","SFR",4,4,"",2642,"",NA,1825000
"1166","Beverly Hills","SFR",4,4,"",2848,"Y",NA,1949000
"1167","Beverly Hills","SFR",4,4,"",3000,"",NA,2695000
"1168","Beverly Hills","SFR",4,4,"",3053,"",NA,1495000
"1169","Beverly Hills","SFR",4,4,"",3060,"Y",NA,2995000
"1170","Beverly Hills","SFR",4,4,"",3254,"Y",NA,3200000
"1171","Beverly Hills","SFR",4,4,"",3321,"",NA,2395000
"1172","Beverly Hills","SFR",4,4,"",3584,"",NA,1679000
"1173","Beverly Hills","SFR",4,4,"",3701,"Y",NA,2595000
"1174","Beverly Hills","SFR",4,4,"2",3577,"Y",NA,2775000
"1175","Beverly Hills","SFR",4,4,"2",3938,"",NA,4500000
"1176","Beverly Hills","SFR",4,4,"3",3039,"",NA,1750000
"1177","Beverly Hills","SFR",4,4,"3",3598,"",NA,3500000
"1178","Beverly Hills","SFR",4,4.5,"",2661,"",NA,1899000
"1179","Beverly Hills","SFR",4,4.5,"",2773,"",NA,2050000
"1180","Beverly Hills","SFR",4,4.5,"",3375,"",NA,3795000
"1181","Beverly Hills","SFR",4,4.5,"",3602,"Y",NA,2895000
"1182","Beverly Hills","SFR",4,4.5,"",4033,"",NA,1322343
"1183","Beverly Hills","SFR",4,4.5,"",4200,"",NA,1890000
"1184","Beverly Hills","SFR",4,4.5,"",4449,"",NA,5495000
"1185","Beverly Hills","SFR",4,4.5,"",5316,"Y",NA,2995000
"1186","Beverly Hills","SFR",4,4.5,"",5868,"Y",NA,7995000
"1187","Beverly Hills","SFR",4,5,"",3265,"",NA,2499000
"1188","Beverly Hills","SFR",4,5,"",3297,"",NA,2899000
"1189","Beverly Hills","SFR",4,5,"",3330,"Y",NA,1995000
"1190","Beverly Hills","SFR",4,5,"",4238,"Y",NA,4295000
"1191","Beverly Hills","SFR",4,5,"",5500,"Y",NA,8395000
"1192","Beverly Hills","SFR",4,5,"",6230,"",NA,1750000
"1193","Beverly Hills","SFR",4,5,"",7187,"Y",NA,1.6e+07
"1194","Beverly Hills","SFR",4,5,"2",1789,"",NA,1800000
"1195","Beverly Hills","SFR",4,5,"2",3773,"",NA,2195000
"1196","Beverly Hills","SFR",4,5,"2",5354,"",NA,3850000
"1197","Beverly Hills","SFR",4,5,"2",5450,"Y",NA,3195000
"1198","Beverly Hills","SFR",4,5.5,"",4043,"",NA,1459000
"1199","Beverly Hills","SFR",4,5.5,"",4897,"Y",NA,1995000
"1200","Beverly Hills","SFR",4,5.5,"",5074,"Y",NA,2999000
"1201","Beverly Hills","SFR",4,6,"",5873,"",NA,3975000
"1202","Beverly Hills","SFR",4,6,"",7000,"Y",NA,4800000
"1203","Beverly Hills","SFR",4,6,"",8000,"Y",NA,7800000
"1204","Beverly Hills","SFR",4,6.5,"3",6416,"Y",NA,5595000
"1205","Beverly Hills","SFR",4,7,"",6350,"Y",NA,8700000
"1206","Beverly Hills","SFR",5,4,"",2950,"Y",NA,1649000
"1207","Beverly Hills","SFR",5,4,"",3003,"Y",NA,2999000
"1208","Beverly Hills","SFR",5,4,"",3119,"",NA,1999000
"1209","Beverly Hills","SFR",5,4,"",3892,"Y",NA,2495000
"1210","Beverly Hills","SFR",5,4,"",4032,"Y",NA,5400000
"1211","Beverly Hills","SFR",5,4,"2",4584,"",NA,1988000
"1212","Beverly Hills","SFR",5,4,"3",4446,"Y",NA,2695000
"1213","Beverly Hills","SFR",5,4.5,"",3497,"Y",NA,1349000
"1214","Beverly Hills","SFR",5,4.5,"",3569,"",NA,2695000
"1215","Beverly Hills","SFR",5,4.5,"",3800,"Y",NA,1999000
"1216","Beverly Hills","SFR",5,4.5,"",4000,"Y",NA,3995000
"1217","Beverly Hills","SFR",5,4.5,"",4718,"",NA,2495000
"1218","Beverly Hills","SFR",5,4.5,"2",4000,"",NA,4250000
"1219","Beverly Hills","SFR",5,5,"",3934,"Y",NA,3995000
"1220","Beverly Hills","SFR",5,5,"",4016,"",NA,2695000
"1221","Beverly Hills","SFR",5,5,"",5831,"",NA,1995000
"1222","Beverly Hills","SFR",5,5,"3",2810,"",NA,4199000
"1223","Beverly Hills","SFR",5,5.5,"",3100,"Y",NA,3695000
"1224","Beverly Hills","SFR",5,5.5,"",3556,"Y",NA,2495000
"1225","Beverly Hills","SFR",5,5.5,"",3642,"Y",NA,2250000
"1226","Beverly Hills","SFR",5,5.5,"",3912,"",NA,2775000
"1227","Beverly Hills","SFR",5,5.5,"",4532,"Y",NA,3395000
"1228","Beverly Hills","SFR",5,5.5,"",5183,"",NA,2875000
"1229","Beverly Hills","SFR",5,5.5,"",5600,"Y",NA,3950000
"1230","Beverly Hills","SFR",5,5.5,"",7224,"Y",NA,9e+06
"1231","Beverly Hills","SFR",5,5.5,"",7234,"",NA,4925000
"1232","Beverly Hills","SFR",5,6,"",3764,"Y",NA,3395000
"1233","Beverly Hills","SFR",5,6,"",5458,"Y",NA,3349000
"1234","Beverly Hills","SFR",5,6,"",6083,"Y",NA,9850000
"1235","Beverly Hills","SFR",5,6,"",6138,"Y",NA,6899000
"1236","Beverly Hills","SFR",5,6,"",6300,"Y",NA,1e+07
"1237","Beverly Hills","SFR",5,6,"",6758,"Y",NA,4995000
"1238","Beverly Hills","SFR",5,6,"3",5292,"Y",NA,4100000
"1239","Beverly Hills","SFR",5,6.5,"",5000,"Y",NA,2995000
"1240","Beverly Hills","SFR",5,6.5,"",6350,"Y",NA,7950000
"1241","Beverly Hills","SFR",5,6.5,"",6917,"Y",NA,4750000
"1242","Beverly Hills","SFR",5,6.5,"",8662,"Y",NA,4949000
"1243","Beverly Hills","SFR",5,6.5,"3",6682,"",NA,4200000
"1244","Beverly Hills","SFR",5,6.75,"",5721,"Y",NA,8400000
"1245","Beverly Hills","SFR",5,7,"",4097,"Y",NA,2799000
"1246","Beverly Hills","SFR",5,7,"",5234,"Y",NA,3495000
"1247","Beverly Hills","SFR",5,7,"",6300,"",NA,6995000
"1248","Beverly Hills","SFR",5,7,"",7500,"Y",NA,7995000
"1249","Beverly Hills","SFR",5,7,"",7989,"Y",NA,8495000
"1250","Beverly Hills","SFR",5,7,"",9000,"Y",NA,11900000
"1251","Beverly Hills","SFR",5,7,"",9000,"Y",NA,11900000
"1252","Beverly Hills","SFR",5,7,"",9163,"Y",NA,9799000
"1253","Beverly Hills","SFR",5,7,"2",6598,"Y",NA,3500000
"1254","Beverly Hills","SFR",5,8,"",11000,"Y",NA,8795000
"1255","Beverly Hills","SFR",5,8,"",14609,"Y",NA,21500000
"1256","Beverly Hills","SFR",5,8,"4+",9243,"",NA,1e+07
"1257","Beverly Hills","SFR",6,3.75,"",3314,"Y",NA,1249000
"1258","Beverly Hills","SFR",6,5,"",5367,"Y",NA,6499000
"1259","Beverly Hills","SFR",6,5,"",6500,"Y",NA,7995000
"1260","Beverly Hills","SFR",6,5.5,"",11000,"Y",NA,6995000
"1261","Beverly Hills","SFR",6,6,"",4242,"Y",NA,2600000
"1262","Beverly Hills","SFR",6,6.5,"",7256,"Y",NA,7995000
"1263","Beverly Hills","SFR",6,6.5,"",7577,"",NA,6895000
"1264","Beverly Hills","SFR",6,6.5,"",8679,"Y",NA,7990000
"1265","Beverly Hills","SFR",6,7,"",5004,"Y",NA,2450000
"1266","Beverly Hills","SFR",6,7,"",7493,"Y",NA,6650000
"1267","Beverly Hills","SFR",6,7.5,"",5000,"Y",NA,4795000
"1268","Beverly Hills","SFR",6,7.5,"",10020,"",NA,5495000
"1269","Beverly Hills","SFR",6,7.5,"",10500,"Y",NA,10800000
"1270","Beverly Hills","SFR",6,7.5,"",11000,"Y",NA,16995000
"1271","Beverly Hills","SFR",6,7.5,"",11000,"Y",NA,16995000
"1272","Beverly Hills","SFR",6,8,"",7311,"Y",NA,5495000
"1273","Beverly Hills","SFR",6,8,"",8000,"Y",NA,4395000
"1274","Beverly Hills","SFR",6,8.5,"2",4555,"Y",NA,5995000
"1275","Beverly Hills","SFR",6,9,"",7500,"",NA,12750000
"1276","Beverly Hills","SFR",6,9,"",7624,"Y",NA,12750000
"1277","Beverly Hills","SFR",6,11,"",16217,"",NA,2.1e+07
"1278","Beverly Hills","SFR",7,7,"",7057,"Y",NA,4695000
"1279","Beverly Hills","SFR",7,7,"",13638,"Y",NA,19995000
"1280","Beverly Hills","SFR",7,7.5,"",7413,"Y",NA,11995000
"1281","Beverly Hills","SFR",7,7.5,"",8000,"Y",NA,5950000
"1282","Beverly Hills","SFR",7,7.5,"",10138,"Y",NA,11995000
"1283","Beverly Hills","SFR",7,8.5,"3",7950,"Y",NA,4950000
"1284","Beverly Hills","SFR",7,9.5,"",13900,"Y",NA,15900000
"1285","Beverly Hills","SFR",7,11,"",9955,"Y",NA,5499000
"1286","Beverly Hills","SFR",8,9.5,"",11531,"Y",NA,12950000
"1287","Beverly Hills","SFR",8,11,"",13000,"",NA,24500000
"1288","Beverly Hills","SFR",8,11,"",13000,"Y",NA,24500000
"1289","Beverly Hills","SFR",8,12,"",17000,"Y",NA,19500000
"1290","Beverly Hills","SFR",9,9,"",12000,"Y",NA,10995000
"1291","Beverly Hills","SFR",9,9,"",15000,"Y",NA,1.4e+07
"1292","Beverly Hills","SFR",10,14,"",28000,"",NA,89950000
"1293","Beverly Hills","SFR",12,21,"",22798,"Y",NA,3.5e+07
"1294","Beverly Hills","SFR",17,30,"",25243,"Y",NA,6e+07
"1295","Santa Monica","",1,1,"2",868,"",NA,649000
"1296","Santa Monica","",1,1,NA,906,"",NA,874000
"1297","Santa Monica","",2,2,NA,1235,"",NA,1700000
"1298","Santa Monica","Condo/Twh",0,1,NA,443,"",NA,445000
"1299","Santa Monica","Condo/Twh",1,1,"1",800,"",NA,499000
"1300","Santa Monica","Condo/Twh",1,1,NA,427,"",NA,320000
"1301","Santa Monica","Condo/Twh",1,1,NA,504,"",NA,359000
"1302","Santa Monica","Condo/Twh",1,1,NA,515,"",NA,368000
"1303","Santa Monica","Condo/Twh",1,1,NA,521,"",NA,342253
"1304","Santa Monica","Condo/Twh",1,1,NA,544,"",NA,372800
"1305","Santa Monica","Condo/Twh",1,1,NA,556,"",NA,380000
"1306","Santa Monica","Condo/Twh",1,1,NA,570,"",NA,499000
"1307","Santa Monica","Condo/Twh",1,1,NA,574,"",NA,395000
"1308","Santa Monica","Condo/Twh",1,1,NA,576,"",NA,599000
"1309","Santa Monica","Condo/Twh",1,1,NA,598,"",NA,349000
"1310","Santa Monica","Condo/Twh",1,1,NA,618,"",NA,224900
"1311","Santa Monica","Condo/Twh",1,1,NA,620,"",NA,475000
"1312","Santa Monica","Condo/Twh",1,1,NA,621,"",NA,539000
"1313","Santa Monica","Condo/Twh",1,1,NA,640,"",NA,429000
"1314","Santa Monica","Condo/Twh",1,1,NA,650,"",NA,275000
"1315","Santa Monica","Condo/Twh",1,1,NA,663,"",NA,448000
"1316","Santa Monica","Condo/Twh",1,1,NA,665,"",NA,448000
"1317","Santa Monica","Condo/Twh",1,1,NA,665,"",NA,448000
"1318","Santa Monica","Condo/Twh",1,1,NA,665,"",NA,478000
"1319","Santa Monica","Condo/Twh",1,1,NA,678,"",NA,495000
"1320","Santa Monica","Condo/Twh",1,1,NA,679,"",NA,439000
"1321","Santa Monica","Condo/Twh",1,1,NA,693,"",NA,498000
"1322","Santa Monica","Condo/Twh",1,1,NA,758,"",NA,475000
"1323","Santa Monica","Condo/Twh",1,1,NA,868,"",NA,450000
"1324","Santa Monica","Condo/Twh",1,1,NA,955,"",NA,449900
"1325","Santa Monica","Condo/Twh",1,1,NA,997,"",NA,435000
"1326","Santa Monica","Condo/Twh",1,1.5,NA,1610,"",NA,1049000
"1327","Santa Monica","Condo/Twh",2,1,NA,772,"",NA,629000
"1328","Santa Monica","Condo/Twh",2,1,NA,783,"",NA,275000
"1329","Santa Monica","Condo/Twh",2,1,NA,842,"",NA,542000
"1330","Santa Monica","Condo/Twh",2,1,NA,940,"",NA,489000
"1331","Santa Monica","Condo/Twh",2,1,NA,945,"",NA,519000
"1332","Santa Monica","Condo/Twh",2,1,NA,1057,"",NA,580000
"1333","Santa Monica","Condo/Twh",2,1,NA,1072,"",NA,599000
"1334","Santa Monica","Condo/Twh",2,1.5,NA,932,"",NA,525000
"1335","Santa Monica","Condo/Twh",2,1.5,NA,955,"",NA,359000
"1336","Santa Monica","Condo/Twh",2,1.5,NA,1000,"",NA,619000
"1337","Santa Monica","Condo/Twh",2,1.75,NA,1037,"",NA,574000
"1338","Santa Monica","Condo/Twh",2,1.75,NA,1262,"",NA,799000
"1339","Santa Monica","Condo/Twh",2,1.75,NA,1265,"",NA,674000
"1340","Santa Monica","Condo/Twh",2,2,"2",955,"",NA,319900
"1341","Santa Monica","Condo/Twh",2,2,"2",989,"",NA,665000
"1342","Santa Monica","Condo/Twh",2,2,"2",1014,"",NA,279900
"1343","Santa Monica","Condo/Twh",2,2,"2",1050,"",NA,999000
"1344","Santa Monica","Condo/Twh",2,2,"2",1285,"",NA,799000
"1345","Santa Monica","Condo/Twh",2,2,"2",1337,"",NA,680000
"1346","Santa Monica","Condo/Twh",2,2,"2",1437,"",NA,650000
"1347","Santa Monica","Condo/Twh",2,2,"2",1750,"",NA,650000
"1348","Santa Monica","Condo/Twh",2,2,NA,804,"",NA,699000
"1349","Santa Monica","Condo/Twh",2,2,NA,906,"",NA,559000
"1350","Santa Monica","Condo/Twh",2,2,NA,924,"",NA,459900
"1351","Santa Monica","Condo/Twh",2,2,NA,934,"",NA,520000
"1352","Santa Monica","Condo/Twh",2,2,NA,953,"",NA,364900
"1353","Santa Monica","Condo/Twh",2,2,NA,1013,"",NA,615000
"1354","Santa Monica","Condo/Twh",2,2,NA,1019,"",NA,539000
"1355","Santa Monica","Condo/Twh",2,2,NA,1019,"",NA,588000
"1356","Santa Monica","Condo/Twh",2,2,NA,1072,"",NA,599000
"1357","Santa Monica","Condo/Twh",2,2,NA,1257,"",NA,575000
"1358","Santa Monica","Condo/Twh",2,2,NA,1305,"",NA,849000
"1359","Santa Monica","Condo/Twh",2,2,NA,1396,"",NA,1698000
"1360","Santa Monica","Condo/Twh",2,2,NA,1446,"",NA,759000
"1361","Santa Monica","Condo/Twh",2,2,NA,1490,"",NA,1580000
"1362","Santa Monica","Condo/Twh",2,2,NA,1541,"",NA,1895000
"1363","Santa Monica","Condo/Twh",2,2,NA,1605,"",NA,749000
"1364","Santa Monica","Condo/Twh",2,2.5,"2",1390,"",NA,815000
"1365","Santa Monica","Condo/Twh",2,2.5,"2",1469,"",NA,845000
"1366","Santa Monica","Condo/Twh",2,2.5,"2",1740,"",NA,898000
"1367","Santa Monica","Condo/Twh",2,2.5,"2",1777,"",NA,1295000
"1368","Santa Monica","Condo/Twh",2,2.5,NA,1187,"",NA,599000
"1369","Santa Monica","Condo/Twh",2,2.5,NA,1252,"",NA,699000
"1370","Santa Monica","Condo/Twh",2,2.5,NA,1283,"",NA,599000
"1371","Santa Monica","Condo/Twh",2,2.5,NA,1315,"",NA,689000
"1372","Santa Monica","Condo/Twh",2,2.5,NA,1400,"",NA,819000
"1373","Santa Monica","Condo/Twh",2,2.5,NA,1400,"",NA,899000
"1374","Santa Monica","Condo/Twh",2,2.5,NA,1401,"",NA,489000
"1375","Santa Monica","Condo/Twh",2,2.5,NA,1550,"",NA,869000
"1376","Santa Monica","Condo/Twh",2,2.5,NA,1600,"",NA,869000
"1377","Santa Monica","Condo/Twh",2,2.5,NA,1600,"",NA,939000
"1378","Santa Monica","Condo/Twh",2,2.5,NA,1620,"",NA,699000
"1379","Santa Monica","Condo/Twh",2,2.5,NA,1652,"",NA,649000
"1380","Santa Monica","Condo/Twh",2,2.5,NA,1653,"",NA,799000
"1381","Santa Monica","Condo/Twh",2,2.5,NA,1800,"",NA,1095000
"1382","Santa Monica","Condo/Twh",2,2.5,NA,1817,"",NA,1229000
"1383","Santa Monica","Condo/Twh",2,2.5,NA,1916,"",NA,1895000
"1384","Santa Monica","Condo/Twh",2,2.5,NA,1942,"",NA,1525000
"1385","Santa Monica","Condo/Twh",2,2.5,NA,2312,"",NA,1195000
"1386","Santa Monica","Condo/Twh",2,3,"2",1400,"",NA,819000
"1387","Santa Monica","Condo/Twh",2,3,"2",1443,"",NA,625000
"1388","Santa Monica","Condo/Twh",2,3,"2",1757,"",NA,1495000
"1389","Santa Monica","Condo/Twh",2,3,"2",1800,"",NA,1285000
"1390","Santa Monica","Condo/Twh",2,3,"2",1870,"",NA,819000
"1391","Santa Monica","Condo/Twh",2,3,NA,828,"",NA,569000
"1392","Santa Monica","Condo/Twh",2,3,NA,1187,"",NA,585000
"1393","Santa Monica","Condo/Twh",2,3,NA,1383,"",NA,629000
"1394","Santa Monica","Condo/Twh",2,3,NA,1414,"",NA,548000
"1395","Santa Monica","Condo/Twh",2,3,NA,1438,"",NA,750000
"1396","Santa Monica","Condo/Twh",2,3,NA,1482,"",NA,729000
"1397","Santa Monica","Condo/Twh",2,3,NA,1672,"",NA,599000
"1398","Santa Monica","Condo/Twh",2,3,NA,1772,"",NA,1350000
"1399","Santa Monica","Condo/Twh",2,3,NA,1857,"",NA,1089000
"1400","Santa Monica","Condo/Twh",2,3,NA,2902,"",NA,3480000
"1401","Santa Monica","Condo/Twh",2,3,NA,3140,"",NA,3098000
"1402","Santa Monica","Condo/Twh",3,1.75,"2",1480,"",NA,749000
"1403","Santa Monica","Condo/Twh",3,1.75,NA,1728,"",NA,779000
"1404","Santa Monica","Condo/Twh",3,2,NA,1158,"",NA,649000
"1405","Santa Monica","Condo/Twh",3,2,NA,1341,"",NA,599000
"1406","Santa Monica","Condo/Twh",3,2,NA,1460,"",NA,699000
"1407","Santa Monica","Condo/Twh",3,2,NA,1465,"",NA,599000
"1408","Santa Monica","Condo/Twh",3,2.5,"2",1539,"",NA,825000
"1409","Santa Monica","Condo/Twh",3,2.5,"2",1948,"",NA,849000
"1410","Santa Monica","Condo/Twh",3,2.5,"2",2358,"",NA,1149000
"1411","Santa Monica","Condo/Twh",3,2.5,NA,1338,"",NA,749000
"1412","Santa Monica","Condo/Twh",3,2.5,NA,1609,"",NA,839000
"1413","Santa Monica","Condo/Twh",3,2.5,NA,1718,"",NA,899000
"1414","Santa Monica","Condo/Twh",3,2.5,NA,1757,"",NA,999000
"1415","Santa Monica","Condo/Twh",3,2.5,NA,1926,"",NA,1875000
"1416","Santa Monica","Condo/Twh",3,2.5,NA,2348,"",NA,895000
"1417","Santa Monica","Condo/Twh",3,2.5,NA,2694,"",NA,1995000
"1418","Santa Monica","Condo/Twh",3,3,"2",1729,"",NA,995000
"1419","Santa Monica","Condo/Twh",3,3,"2",1757,"",NA,995000
"1420","Santa Monica","Condo/Twh",3,3,NA,1737,"",NA,718000
"1421","Santa Monica","Condo/Twh",3,3,NA,1744,"",NA,1300000
"1422","Santa Monica","Condo/Twh",3,3,NA,1774,"",NA,950000
"1423","Santa Monica","Condo/Twh",3,3,NA,2618,"",NA,1099900
"1424","Santa Monica","Condo/Twh",3,3.5,NA,1600,"",NA,975000
"1425","Santa Monica","Condo/Twh",3,3.5,NA,2023,"",NA,828000
"1426","Santa Monica","Condo/Twh",3,3.5,NA,2210,"",NA,3495000
"1427","Santa Monica","Condo/Twh",3,3.5,NA,4148,"",NA,6125000
"1428","Santa Monica","Condo/Twh",3,4,"2",2200,"",NA,889000
"1429","Santa Monica","Condo/Twh",3,4,"2",2372,"",NA,999000
"1430","Santa Monica","Condo/Twh",3,4,"3",2372,"",NA,1199000
"1431","Santa Monica","SFR",1,1,NA,720,"",NA,939900
"1432","Santa Monica","SFR",2,1,"1",760,"",NA,699900
"1433","Santa Monica","SFR",2,1,"1",1032,"",NA,682000
"1434","Santa Monica","SFR",2,1,"2",1200,"",NA,1690000
"1435","Santa Monica","SFR",2,1,NA,779,"",NA,1365000
"1436","Santa Monica","SFR",2,1,NA,864,"",NA,750000
"1437","Santa Monica","SFR",2,1,NA,869,"",NA,685000
"1438","Santa Monica","SFR",2,1,NA,904,"",NA,1150000
"1439","Santa Monica","SFR",2,1,NA,938,"",NA,695000
"1440","Santa Monica","SFR",2,1,NA,940,"",NA,799900
"1441","Santa Monica","SFR",2,1,NA,966,"",NA,899000
"1442","Santa Monica","SFR",2,1,NA,972,"",NA,845000
"1443","Santa Monica","SFR",2,1,NA,1011,"",NA,845000
"1444","Santa Monica","SFR",2,1,NA,1100,"",NA,799000
"1445","Santa Monica","SFR",2,1,NA,1120,"",NA,974000
"1446","Santa Monica","SFR",2,1,NA,1281,"",NA,769000
"1447","Santa Monica","SFR",2,1,NA,1368,"",NA,1475000
"1448","Santa Monica","SFR",2,1,NA,3800,"",NA,2395000
"1449","Santa Monica","SFR",2,1.5,NA,1456,"",NA,899000
"1450","Santa Monica","SFR",2,1.5,NA,1669,"",NA,1695000
"1451","Santa Monica","SFR",2,1.75,NA,1328,"",NA,995000
"1452","Santa Monica","SFR",2,1.75,NA,1400,"",NA,2650000
"1453","Santa Monica","SFR",2,2,"2",916,"",NA,785000
"1454","Santa Monica","SFR",2,2.75,NA,2354,"Y",NA,1650000
"1455","Santa Monica","SFR",3,1,NA,876,"",NA,815000
"1456","Santa Monica","SFR",3,1,NA,1306,"",NA,999000
"1457","Santa Monica","SFR",3,1.5,NA,1279,"",NA,850000
"1458","Santa Monica","SFR",3,2,NA,1183,"",NA,850000
"1459","Santa Monica","SFR",3,2,NA,1199,"",NA,924000
"1460","Santa Monica","SFR",3,2,NA,1229,"",NA,899000
"1461","Santa Monica","SFR",3,2,NA,1419,"",NA,769500
"1462","Santa Monica","SFR",3,2,NA,1668,"",NA,1050000
"1463","Santa Monica","SFR",3,2,NA,1728,"",NA,1395000
"1464","Santa Monica","SFR",3,2,NA,1754,"",NA,949000
"1465","Santa Monica","SFR",3,2,NA,2099,"Y",NA,1595000
"1466","Santa Monica","SFR",3,2.5,NA,3455,"",NA,1999000
"1467","Santa Monica","SFR",3,3,"3",1527,"",NA,1299000
"1468","Santa Monica","SFR",3,3,NA,1732,"",NA,999000
"1469","Santa Monica","SFR",3,3,NA,1850,"",NA,1359000
"1470","Santa Monica","SFR",3,3,NA,2416,"",NA,1700000
"1471","Santa Monica","SFR",3,3,NA,2948,"",NA,2500000
"1472","Santa Monica","SFR",3,3.5,NA,2304,"",NA,5250000
"1473","Santa Monica","SFR",3,4.5,"2",2942,"",NA,1699000
"1474","Santa Monica","SFR",3,4.5,"2",4292,"",NA,2999999
"1475","Santa Monica","SFR",3,4.5,NA,3817,"Y",NA,7900000
"1476","Santa Monica","SFR",4,1.75,NA,1518,"",NA,1249000
"1477","Santa Monica","SFR",4,2.75,NA,2100,"",NA,1125000
"1478","Santa Monica","SFR",4,3,NA,3668,"Y",NA,1850000
"1479","Santa Monica","SFR",4,3.5,"2",3250,"",NA,2650000
"1480","Santa Monica","SFR",4,4,"2",3061,"",NA,1650000
"1481","Santa Monica","SFR",4,4,NA,3012,"",NA,1399000
"1482","Santa Monica","SFR",4,4,NA,3400,"Y",NA,2095000
"1483","Santa Monica","SFR",4,4.5,NA,3668,"",NA,1949000
"1484","Santa Monica","SFR",4,5.5,NA,4558,"",NA,3250000
"1485","Santa Monica","SFR",5,3.5,"2",2803,"Y",NA,2499900
"1486","Santa Monica","SFR",5,4,NA,3000,"",NA,2895000
"1487","Santa Monica","SFR",5,4,NA,3800,"",NA,3499000
"1488","Santa Monica","SFR",5,4,NA,3829,"",NA,2395000
"1489","Santa Monica","SFR",5,5,"2",4628,"",NA,2400000
"1490","Santa Monica","SFR",5,5.5,NA,4800,"",NA,3500000
"1491","Santa Monica","SFR",5,5.5,NA,6505,"",NA,3495000
"1492","Santa Monica","SFR",5,6,NA,4700,"",NA,2795000
"1493","Santa Monica","SFR",5,6,NA,4984,"",NA,3995000
"1494","Santa Monica","SFR",5,6.5,NA,6799,"",NA,8250000
"1495","Santa Monica","SFR",6,5,"2",5900,"Y",NA,4395000
"1496","Santa Monica","SFR",6,6,NA,7100,"",NA,4488000
"1497","Santa Monica","SFR",6,6,NA,7203,"",NA,2800000
"1498","Santa Monica","SFR",6,6.5,NA,4700,"",NA,2425000
"1499","Westwood","Condo/Twh",0,1,NA,561,"",NA,319000
"1500","Westwood","Condo/Twh",1,1,"2",832,"",NA,339000
"1501","Westwood","Condo/Twh",1,1,NA,625,"",NA,365000
"1502","Westwood","Condo/Twh",1,1,NA,767,"",NA,365000
"1503","Westwood","Condo/Twh",1,1,NA,786,"",NA,329000
"1504","Westwood","Condo/Twh",1,1.5,"2",1133,"",NA,485000
"1505","Westwood","Condo/Twh",1,1.5,NA,947,"",NA,479000
"1506","Westwood","Condo/Twh",1,1.5,NA,1167,"",NA,675000
"1507","Westwood","Condo/Twh",1,2,NA,1065,"",NA,407000
"1508","Westwood","Condo/Twh",2,1,NA,794,"",NA,349000
"1509","Westwood","Condo/Twh",2,1.75,NA,989,"",NA,449000
"1510","Westwood","Condo/Twh",2,1.75,NA,995,"",NA,459000
"1511","Westwood","Condo/Twh",2,2,"2",777,"",NA,399000
"1512","Westwood","Condo/Twh",2,2,"2",853,"",NA,349000
"1513","Westwood","Condo/Twh",2,2,"2",898,"",NA,429000
"1514","Westwood","Condo/Twh",2,2,"2",1205,"",NA,499000
"1515","Westwood","Condo/Twh",2,2,"2",1511,"",NA,679000
"1516","Westwood","Condo/Twh",2,2,"2",1640,"",NA,649000
"1517","Westwood","Condo/Twh",2,2,"2",1694,"",NA,579000
"1518","Westwood","Condo/Twh",2,2,NA,1050,"",NA,449000
"1519","Westwood","Condo/Twh",2,2,NA,1080,"",NA,459000
"1520","Westwood","Condo/Twh",2,2,NA,1082,"",NA,465000
"1521","Westwood","Condo/Twh",2,2,NA,1117,"",NA,488000
"1522","Westwood","Condo/Twh",2,2,NA,1146,"",NA,495000
"1523","Westwood","Condo/Twh",2,2,NA,1150,"",NA,569000
"1524","Westwood","Condo/Twh",2,2,NA,1163,"",NA,449000
"1525","Westwood","Condo/Twh",2,2,NA,1189,"",NA,499000
"1526","Westwood","Condo/Twh",2,2,NA,1331,"",NA,699900
"1527","Westwood","Condo/Twh",2,2,NA,1379,"",NA,509000
"1528","Westwood","Condo/Twh",2,2,NA,1454,"",NA,549000
"1529","Westwood","Condo/Twh",2,2,NA,1508,"",NA,589000
"1530","Westwood","Condo/Twh",2,2,NA,1517,"",NA,679000
"1531","Westwood","Condo/Twh",2,2,NA,1532,"",NA,626400
"1532","Westwood","Condo/Twh",2,2.5,"2",1192,"",NA,549000
"1533","Westwood","Condo/Twh",2,2.5,"2",1526,"",NA,699000
"1534","Westwood","Condo/Twh",2,2.5,"2",1828,"",NA,739000
"1535","Westwood","Condo/Twh",2,2.5,NA,1200,"",NA,539000
"1536","Westwood","Condo/Twh",2,2.5,NA,1274,"",NA,479000
"1537","Westwood","Condo/Twh",2,2.5,NA,1334,"",NA,659000
"1538","Westwood","Condo/Twh",2,2.5,NA,1380,"",NA,689000
"1539","Westwood","Condo/Twh",2,2.5,NA,1403,"",NA,649000
"1540","Westwood","Condo/Twh",2,2.5,NA,1475,"",NA,680000
"1541","Westwood","Condo/Twh",2,2.5,NA,1516,"",NA,695000
"1542","Westwood","Condo/Twh",2,2.5,NA,1549,"",NA,780000
"1543","Westwood","Condo/Twh",2,2.5,NA,1612,"",NA,569000
"1544","Westwood","Condo/Twh",2,2.5,NA,1700,"",NA,777000
"1545","Westwood","Condo/Twh",2,2.5,NA,1774,"",NA,675000
"1546","Westwood","Condo/Twh",2,2.5,NA,1774,"",NA,699000
"1547","Westwood","Condo/Twh",2,2.5,NA,1900,"",NA,795000
"1548","Westwood","Condo/Twh",2,2.5,NA,1900,"",NA,849000
"1549","Westwood","Condo/Twh",2,2.5,NA,1900,"",NA,995000
"1550","Westwood","Condo/Twh",2,2.5,NA,2031,"",NA,699000
"1551","Westwood","Condo/Twh",2,3,"2",1540,"",NA,625000
"1552","Westwood","Condo/Twh",2,3,"2",1643,"",NA,749000
"1553","Westwood","Condo/Twh",2,3,NA,1620,"",NA,649000
"1554","Westwood","Condo/Twh",2,3,NA,1800,"",NA,649000
"1555","Westwood","Condo/Twh",2,3,NA,2310,"",NA,1145000
"1556","Westwood","Condo/Twh",3,2,"2",1603,"",NA,640000
"1557","Westwood","Condo/Twh",3,2,"2",1913,"",NA,695000
"1558","Westwood","Condo/Twh",3,2,NA,1300,"",NA,549000
"1559","Westwood","Condo/Twh",3,2,NA,1549,"",NA,675000
"1560","Westwood","Condo/Twh",3,2,NA,1662,"",NA,650000
"1561","Westwood","Condo/Twh",3,2,NA,1697,"",NA,735000
"1562","Westwood","Condo/Twh",3,2,NA,1800,"",NA,744000
"1563","Westwood","Condo/Twh",3,2.5,"2",1733,"",NA,779000
"1564","Westwood","Condo/Twh",3,2.5,"2",1900,"",NA,879900
"1565","Westwood","Condo/Twh",3,2.5,"2",2118,"",NA,849000
"1566","Westwood","Condo/Twh",3,2.5,NA,1534,"",NA,925000
"1567","Westwood","Condo/Twh",3,2.5,NA,1536,"",NA,699000
"1568","Westwood","Condo/Twh",3,2.5,NA,1620,"",NA,699000
"1569","Westwood","Condo/Twh",3,2.5,NA,1703,"",NA,749000
"1570","Westwood","Condo/Twh",3,2.5,NA,1812,"",NA,799000
"1571","Westwood","Condo/Twh",3,2.5,NA,1832,"",NA,759000
"1572","Westwood","Condo/Twh",3,2.5,NA,1832,"",NA,799000
"1573","Westwood","Condo/Twh",3,2.5,NA,1847,"",NA,899000
"1574","Westwood","Condo/Twh",3,2.5,NA,1887,"",NA,739000
"1575","Westwood","Condo/Twh",3,2.5,NA,2662,"",NA,925000
"1576","Westwood","Condo/Twh",3,2.5,NA,2800,"",NA,1075000
"1577","Westwood","Condo/Twh",3,3,"2",1487,"",NA,699000
"1578","Westwood","Condo/Twh",3,3,NA,1468,"",NA,549000
"1579","Westwood","Condo/Twh",3,3,NA,1693,"",NA,599000
"1580","Westwood","Condo/Twh",3,3,NA,1870,"",NA,799000
"1581","Westwood","Condo/Twh",3,3,NA,2200,"",NA,834500
"1582","Westwood","Condo/Twh",3,3.5,NA,1361,"",NA,519000
"1583","Westwood","Condo/Twh",3,3.5,NA,1361,"",NA,519000
"1584","Westwood","Condo/Twh",3,3.5,NA,2650,"",NA,995000
"1585","Westwood","Condo/Twh",4,2.5,"2",1830,"",NA,750000
"1586","Westwood","SFR",2,1,NA,810,"",NA,675000
"1587","Westwood","SFR",2,1,NA,968,"",NA,789000
"1588","Westwood","SFR",2,1,NA,1240,"",NA,895000
"1589","Westwood","SFR",3,1.25,NA,1594,"",NA,949000
"1590","Westwood","SFR",3,2,"2",1579,"",NA,1034000
"1591","Westwood","SFR",3,2.5,NA,2372,"Y",NA,1250000
"1592","Westwood","SFR",3,3,"2",1870,"",NA,1350000
"1593","Westwood","SFR",3,3,NA,1488,"",NA,1198000
"1594","Westwood","SFR",5,3.5,NA,3656,"",NA,1995000
